2011 January,,2011 February,,2011 March,,2011 April,,2011 May,,2011 Jun,,2011 July,,2011 Auguest,,2011 September,,2011 October,,2011 November,,2011 December,,2012 January,,2012 February,,2012 March,,2012 April,,2012 May,,2012 Jun,,2012 July,, 2012 Auguest,,2012 September,,2012 October,,2012 November,,2012 December,,2013 January,,2013 February,,2013 March,,2013 April,,2013 May,,2013 Jun,,2013 July,,2013 Auguest,,2013 September,,2013 October,,2013 November,,2013 December,,2014 January,,2013 February,,2014 March,,2014 April,,2014 May,,2014 Jun,,2014 May,,2014 Jun,,2014 July,,2014 Auguest,,2014 September,,2014 October,,2014 November,,2014 December,,2015 January,,2015 February,,2015 March,,2015 April,,2015 May,,2015 June,,2015 July,,2015 Auguest,,2015 September,,2015 October,,2015 November,,2015 December,
Syria,9,Syria,12,Syria,28,Lebanon,1,Syria,90,Syria,561,Syria,90,Syria,179,Jordan,15,Northern Mariana Islands,4,Syria,74,Jordan,2,Syria,71,United Arab Emirates,1,Bahrain,1,Germany,4,Syria,221,Jordan,31,Syria,787,Greece,19,Sweden,1,Russia,30,Syria,421,Syria,639,Egypt,49,Syria,415,Lebanon,133,Algeria,6,Iran,23,Poland,1,Ethiopia,1,Syria,657,Syria,1235,Ireland,2,Syria,920,Jordan,92,Greece,5,Bulgaria,21,China,6,Syria,664,Bulgaria,8,Syria,742,Bulgaria,8,Syria,742,Syria,617,Jordan,69,Syria,838,Cyprus,8,Syria,558,Syria,901,Syria,651,Jordan,89,Syria,841,Turkey,161,Jordan,77,Syria,869,Syria,748,Syria,833,Iraq,159,Syria,2090,Syria,7996,Syria,4972
Australia,3,Iraq,3,Libya,1,Syria,4,Israel,6,Turkey,411,Lebanon,19,Lebanon,16,Syria,86,Syria,66,Lebanon,27,Syria,68,Lebanon,26,Syria,209,Syria,494,Syria,569,Jordan,32,Syria,375,Turkey,176,Bulgaria,1,Syria,869,Jordan,82,Jordan,40,Kuwait,12,Syria,786,Iran,24,Kuwait,7,Syria,222,Syria,172,Tunisia,2,Iraq,21,Tunisia,2,Greece,7,Syria,732,United Kingdom,15,Syria,752,Syria,686,Lebanon,179,Israel,38,Bulgaria,9,Syria,734,Jordan,154,Syria,734,Jordan,154,Lebanon,124,Venezuela,1,Jordan,82,Syria,684,Lebanon,98,Bulgaria,4,Egypt,47,Syria,585,Kuwait,43,Syria,1044,Syria,569,United States,56,United States,55,Lebanon,93,Syria,5678,Turkey,476,United States,5157,Canada,1552
Iraq,1,Denmark,1,Israel,2,Libya,1,Turkey,11,Lebanon,52,Turkey,15,Russia,1,Turkey,12,United States,5,Northern Mariana Islands,4,Lebanon,19,Qatar,1,Jordan,60,Lebanon,88,Kuwait,4,United States,20,Lebanon,38,Yemen,1,Lebanon,102,Jordan,220,Syria,407,Iraq,28,Jordan,87,Algeria,34,Iraq,9,Syria,468,Jordan,89,Tunisia,4,Lebanon,131,Syria,621,Lebanon,72,Australia,7,Australia,11,France,27,Turkey,99,Lebanon,107,Germany,5,Syria,621,Jordan,188,Jordan,299,Lebanon,239,Jordan,299,Lebanon,239,Jordan,115,Syria,629,Lebanon,258,Jordan,75,Turkey,243,Egypt,66,United States,22,United Arab Emirates,6,Lebanon,160,Tuvalu,1,Burundi,1,Lebanon,152,Lebanon,117,Jordan,117,Turkey,798,Iraq,75,United Kingdom,397,France,232
Israel,2,West Bank,1,Gaza Strip,2,Turkey,1,Pakistan,1,Tunisia,8,Israel,16,United Kingdom,6,Lebanon,7,Lebanon,11,Iraq,2,United States,5,Turkey,9,Libya,8,Turkey,212,Lebanon,66,Lebanon,47,Libya,6,Libya,2,Syria,785,Switzerland,5,Lebanon,70,Turkey,134,United States,27,Turkey,77,Jordan,95,Jordan,140,Tunisia,4,Libya,12,Syria,453,Jordan,182,Jordan,86,Hungary,2,Iran,37,Jordan,156,Afghanistan,7,Iraq,37,Morocco,4,Lebanon,151,Lebanon,158,France,4,Saudi Arabia,20,France,4,Saudi Arabia,20,Israel,62,United States,53,Russia,4,Lebanon,207,Germany,6,Turkey,98,United Kingdom,15,Iraq,26,Turkey,212,Sweden,6,Lebanon,163,Germany,14,Jordan,133,Germany,56,Hungary,213,Greece,91,Israel,61,United States,1969
,,Kuwait,1,Kuwait,1,United States,2,Egypt,5,Libya,9,Tunisia,1,United States,12,United Kingdom,2,Turkey,25,Morocco,2,Turkey,4,Luxembourg,2,Turkey,39,Madagascar,1,Turkey,311,Turkey,68,Turkey,130,Saudi Arabia,8,Iraq,51,United States,43,Turkey,164,Mali,2,Russia,81,Jordan,152,Japan,2,Turkey,98,Azerbaijan,3,Jordan,52,Iraq,21,Lebanon,157,Egypt,24,United States,172,China,1,Lebanon,223,Denmark,2,United Kingdom,72,Syria,712,Bulgaria,3,West Bank,3,Lebanon,210,Iran,5,Lebanon,210,Iran,5,Turkey,95,Lebanon,297,Turkey,374,France,11,Israel,26,United Kingdom,30,Turkey,123,Japan,10,United Kingdom,30,Egypt,26,Iraq,43,Malta,1,Turkey,237,Israel,45,Germany,500,United States,345,Canada,1025,Mexico,17
,,,,,,,,Lebanon,52,Israel,11,Kuwait,2,Eritrea,4,Austria,5,Jordan,3,West Bank,1,France,3,Israel,12,Russia,3,Iraq,8,Jordan,61,Iraq,9,Iraq,64,Italy,2,Jordan,324,Turkey,149,Mali,6,Mauritania,4,Lebanon,118,Lebanon,115,Kuwait,21,Iran,10,Turkey,22,Russia,35,Jordan,165,United States,57,Turkey,48,Iraq,81,Bulgaria,45,Turkey,129,Lebanon,225,Armenia,4,Iraq,27,Jordan,81,United Arab Emirates,4,Egypt,13,United States,37,Egypt,13,United States,37,United States,9,Turkey,125,Iraq,77,United States,72,Australia,2,Italy,13,Cyprus,1,Kuwait,15,Ethiopia,1,United States,43,Turkey,103,Turkey,349,Iraq,36,Sweden,7,Greece,231,Egypt,62,Lebanon,230,Germany,99
,,,,,,,,Jordan,2,Egypt,5,Jordan,4,Israel,17,United States,3,Israel,2,Jordan,2,Thailand,1,Egypt,1,Iraq,16,Egypt,5,Japan,1,Australia,1,United States,22,Jordan,212,United States,34,Lebanon,78,Djibouti,1,Libya,8,United Kingdom,7,Tunisia,15,Lebanon,100,Yemen,3,United States,8,China,5,Turkey,46,Kuwait,8,Libya,6,Lebanon,232,Iraq,23,Australia,2,Switzerland,8,Turkey,79,United States,47,Azerbaijan,1,United States,22,Israel,91,Russia,4,Israel,91,Russia,4,Thailand,1,Kuwait,6,Uruguay,3,Iraq,65,Egypt,8,Jordan,102,Italy,28,Lebanon,82,Iraq,49,Israel,189,United Kingdom,16,Greece,20,Sudan,1,Iran,7,Iceland,56,Germany,109,Antigua and Barbuda,2,Norway,5
,,,,,,,,United States,3,France,4,United States,4,Turkey,27,Israel,1,Libya,3,Turkey,2,Tunisia,2,United States,3,Morocco,2,Somalia,3,Venezuela,2,Russia,4,Israel,7,Iraq,91,Bahrain,5,Northern Mariana Islands,3,Iraq,25,Lebanon,53,Turkey,78,Switzerland,6,Tunisia,9,Italy,2,Iraq,21,United States,16,Iran,12,Turkey,94,United States,34,Italy,44,Jordan,120,Kuwait,17,United Kingdom,43,Kuwait,40,Qatar,14,Turkey,52,Ukraine,5,Qatar,3,Libya,3,Qatar,3,Libya,3,Egypt,44,Israel,25,United States,96,Turkey,254,United Kingdom,19,Lebanon,171,Malta,4,Turkey,192,Jordan,127,Azerbaijan,8,United States,24,Eritrea,18,United Kingdom,18,Iraq,22,Eritrea,20,Somalia,2,Jordan,295,Turkey,337
,,,,,,,,Iraq,2,Russia,2,Spain,1,Iraq,5,Iraq,1,,,,,Iraq,2,Saudi Arabia,2,Lebanon,34,Jordan,25,United States,19,Northern Mariana Islands,1,Australia,1,France,12,Iran,14,Iraq,77,United States,13,Iran,5,Qatar,3,United States,34,West Bank,1,Libya,12,Libya,15,Egypt,2,Israel,25,Russia,21,Greece,3,Malta,4,Japan,4,Israel,70,Yemen,5,Sweden,5,Israel,61,United States,19,Turkey,65,Turkey,37,Israel,25,Turkey,37,Israel,25,Canada,19,Micronesia,2,Italy,14,Israel,13,Sweden,1,Iraq,52,Sweden,13,Qatar,9,Egypt,38,Kuwait,34,Norway,6,Jordan,77,Denmark,2,United States,27,Macedonia,23,Russia,58,Australia,140,Jordan,326
,,,,,,,,Libya,4,United Arab Emirates,3,Russia,1,Germany,1,,,,,,,Italy,3,Democratic Republic of the Congo,1,Egypt,4,Northern Mariana Islands,1,Russia,3,Greece,1,Russia,3,Lebanon,115,Turkey,224,Iran,27,Bulgaria,2,Israel,20,Armenia,9,Iraq,24,Russia,14,Bahrain,2,Northern Mariana Islands,2,Lebanon,21,Russia,33,Canada,22,Iraq,211,Qatar,3,Lebanon,172,United States,37,Germany,26,Jordan,91,Turkey,74,Poland,2,Qatar,2,Iran,4,Turkey,62,Iran,4,Turkey,62,Italy,7,Iraq,89,Egypt,13,Canada,5,Estonia,2,Australia,3,Lebanon,230,Sweden,5,Iran,2,Lebanon,176,Uruguay,4,Israel,48,Greece,14,Greece,227,New Zealand,62,Hungary,18,France,952,Greece,75
,,,,,,,,,,Switzerland,2,,,Gaza Strip,4,,,,,,,Libya,4,Iraq,6,Israel,2,United States,18,Iran,20,Qatar,1,United Kingdom,1,United States,27,Australia,9,Israel,14,United Kingdom,4,France,13,Iraq,18,Israel,64,Turkey,60,Israel,30,Lebanon,36,Israel,15,Afghanistan,4,Bhutan,1,Spain,2,Turkey,135,Libya,21,Bulgaria,34,Algeria,2,Afghanistan,8,Algeria,5,Germany,5,Kuwait,2,Iraq,33,Germany,23,Iraq,33,Germany,23,Iraq,41,Macedonia,3,West Bank,1,Malta,1,Iraq,47,Cyprus,7,Greece,3,United Kingdom,23,Israel,46,Jordan,89,Yemen,1,Norway,11,Russia,4,,3,United States,713,Jordan,234,Mexico,25,Czech Republic,4
,,,,,,,,,,United Kingdom,2,,,Jordan,9,,,,,,,New Zealand,3,Northern Mariana Islands,1,United States,20,China,1,West Bank,5,Libya,1,New Zealand,3,Sweden,3,Germany,11,Ireland,1,Luxembourg,3,Morocco,6,Cuba,1,United Arab Emirates,14,Azerbaijan,7,Germany,5,Russia,54,Norway,1,Zimbabwe,1,Iran,5,United Kingdom,8,Canada,15,United States,38,Algeria,2,Iraq,24,Russia,1,United Kingdom,11,France,9,Russia,4,Central African Republic,1,Austria,1,Central African Republic,1,Austria,1,Ukraine,3,Germany,1,Gaza Strip,3,Japan,1,China,7,Somalia,1,Jordan,110,Egypt,42,South Korea,3,Saudi Arabia,5,Bulgaria,1,Yemen,4,West Bank,5,Serbia,17,Austria,78,Lebanon,161,Turkey,561,Kuwait,7
,,,,,,,,,,Armenia,1,,,Saudi Arabia,5,,,,,,,,,,,Somalia,1,Canada,1,China,3,Kuwait,1,South Africa,2,Northern Mariana Islands,2,United Kingdom,17,South Korea,3,Norway,3,Tunisia,2,Israel,108,Sweden,7,Norway,3,Kenya,2,Ukraine,6,Malaysia,2,Switzerland,3,Norway,1,Israel,40,Israel,32,Russia,12,Japan,2,Libya,2,United States,34,Switzerland,4,United Kingdom,19,Sweden,4,Germany,14,Kuwait,26,Germany,14,Kuwait,26,Australia,3,Rwanda,1,Croatia,2,Switzerland,3,Kuwait,19,India,1,Russia,5,Serbia,1,Australia,5,Morocco,3,United Arab Emirates,1,France,7,Yemen,2,Egypt,7,United Kingdom,933,Australia,68,Iraq,329,Lebanon,240
,,,,,,,,,,Afghanistan,5,,,Northern Mariana Islands,1,,,,,,,,,,,France,1,Libya,4,Libya,3,Sudan,2,Luxembourg,2,Qatar,29,Saudi Arabia,18,Australia,5,Kuwait,10,Kuwait,9,Egypt,7,Iceland,1,Mali,1,Iraq,11,Switzerland,1,Turkey,52,Japan,2,Nepal,2,Germany,8,Switzerland,36,Israel,54,Egypt,101,Egypt,50,Italy,18,Jordan,107,Kuwait,5,Israel,13,West Bank,12,Qatar,2,West Bank,12,Qatar,2,Sudan,2,United Kingdom,8,United Kingdom,17,West Bank,5,United States,49,Switzerland,22,Germany,6,Israel,33,Macedonia,3,Netherlands,1,Sierra Leone,2,Iran,6,Egypt,7,Kuwait,5,Czech Republic,33,United Kingdom,232,Germany,191,United Kingdom,300
,,,,,,,,,,Croatia,2,,,Spain,1,,,,,,,,,,,Saudi Arabia,1,Netherlands,1,France,11,Gaza Strip,2,Afghanistan,2,Puerto Rico,1,Morocco,9,France,4,Belgium,2,United States,20,Algeria,6,Slovenia,1,Israel,36,Switzerland,4,China,1,Saudi Arabia,1,United States,17,Cyprus,1,Russia,42,Russia,48,Egypt,79,Iraq,18,Saudi Arabia,8,Libya,8,Sweden,1,Ukraine,2,Iraq,17,Kuwait,7,Iraq,60,Kuwait,7,Iraq,60,Yemen,2,France,4,Kuwait,3,Netherlands,3,Saudi Arabia,2,Netherlands,1,Canada,30,Canada,1,Italy,8,United Kingdom,21,Libya,14,Italy,11,Gaza Strip,7,Turkey,164,Jordan,363,Afghanistan,10,Iceland,7,Iraq,109
,,,,,,,,,,Italy,2,,,Libya,3,,,,,,,,,,,Germany,2,Russia,4,Somalia,2,Cyprus,1,Namibia,1,Cyprus,6,Israel,11,Russia,32,Denmark,1,United Kingdom,22,Tunisia,19,Mali,24,Libya,3,United States,34,Israel,5,Algeria,10,Germany,12,Armenia,8,Morocco,3,United Kingdom,53,Rwanda,1,Libya,5,West Bank,9,Malta,2,Italy,5,Saudi Arabia,3,Spain,2,United States,15,West Bank,3,United States,15,West Bank,3,Germany,5,Armenia,4,Germany,15,Armenia,2,France,2,United States,38,Iran,2,Germany,1,Bulgaria,3,Gaza Strip,3,Italy,6,Kuwait,37,Uruguay,13,Russia,10,Thailand,1,Canada,179,Libya,9,Austria,19
,,,,,,,,,,Iraq,6,,,,,,,,,,,,,,,United Kingdom,5,France,1,Iraq,2,Tunisia,2,Micronesia,1,Israel,11,Cyprus,1,Spain,2,Italy,6,Qatar,3,China,2,Mauritania,3,Armenia,1,United Kingdom,6,Georgia,2,Switzerland,2,United Kingdom,2,Israel,80,Netherlands,1,Reunion,2,Turkey,91,Switzerland,4,South Africa,1,Bulgaria,6,New Zealand,13,Russia,22,Egypt,23,Armenia,2,Ukraine,2,Armenia,2,Ukraine,2,Oman,1,Turkmenistan,3,Libya,6,United Kingdom,14,Jordan,77,Greece,27,Somalia,1,China,2,Germany,16,Iraq,51,Luxembourg,3,Azerbaijan,7,Norway,4,United Kingdom,15,Lebanon,486,Norway,12,Netherlands,6,Saudi Arabia,26
,,,,,,,,,,Bahrain,1,,,,,,,,,,,,,,,Georgia,1,Israel,14,Australia,1,Japan,1,Saudi Arabia,1,Kuwait,1,Qatar,4,Morocco,5,Libya,2,Saudi Arabia,4,Denmark,2,Iran,10,United States,23,Egypt,12,United Arab Emirates,6,Gaza Strip,4,Egypt,3,Australia,5,Gaza Strip,4,Jordan,177,Armenia,17,Russia,8,Sweden,5,Qatar,20,Armenia,1,Afghanistan,1,Armenia,7,Azerbaijan,2,Belgium,4,Azerbaijan,2,Belgium,4,Switzerland,11,Nigeria,3,France,41,Libya,15,Spain,1,Israel,27,Iraq,81,United States,186,United Arab Emirates,2,Sri Lanka,2,Canada,1,United Kingdom,21,Italy,3,France,2,Canada,750,Israel,52,Egypt,38,Russia,24
,,,,,,,,,,Malta,7,,,,,,,,,,,,,,,Yemen,1,Armenia,1,Northern Mariana Islands,2,,,United Arab Emirates,1,Iran,3,Kuwait,3,Mauritania,1,Saudi Arabia,4,Russia,37,Mali,7,Armenia,2,China,2,Japan,5,Egypt,3,Chad,3,Bahrain,2,Puerto Rico,4,Brazil,3,New Zealand,14,Austria,8,Czechoslovakia,2,Kuwait,11,Israel,39,France,2,United Arab Emirates,2,Thailand,1,Saudi Arabia,4,France,2,Saudi Arabia,4,France,2,Russia,1,Bahrain,1,Sweden,7,Germany,58,Netherlands,2,Yemen,1,Oman,1,Denmark,2,United States,19,West Bank,11,Denmark,7,Indonesia,1,Afghanistan,16,New Zealand,4,Iran,51,Italy,21,Greece,128,Cuba,15
,,,,,,,,,,United States,13,,,,,,,,,,,,,,,West Bank,1,Saudi Arabia,3,Tunisia,1,,,Kuwait,5,North Korea,1,Libya,1,Italy,7,Somalia,2,Somalia,7,Venezuela,1,Kuwait,21,Saudi Arabia,4,Georgia,3,North Korea,1,Mauritania,1,Libya,12,United Kingdom,14,China,4,West Bank,3,Cuba,2,Cuba,2,Malta,3,Iran,8,Czech Republic,6,Iraq,29,Pakistan,4,Russia,3,Egypt,8,Russia,3,Egypt,8,Malta,2,Iran,11,Israel,12,Paraguay,1,Turkmenistan,1,Philippines,2,Afghanistan,6,Australia,3,Canada,8,Libya,4,Germany,22,Andorra,1,Brazil,2,Italy,11,Italy,44,Iran,11,Yemen,7,Jersey,12
,,,,,,,,,,Iran,2,,,,,,,,,,,,,,,Iran,2,Italy,1,United Kingdom,4,,,,,Egypt,5,Albania,1,United Kingdom,2,West Bank,2,Switzerland,7,France,5,Libya,12,Ethiopia,3,Philippines,1,Saudi Arabia,1,Morocco,7,Mali,1,France,6,Brunei,1,Bulgaria,51,Kuwait,23,Saudi Arabia,4,Italy,8,Somalia,1,Russia,5,Hungary,4,Afghanistan,2,China,1,Uruguay,6,China,1,Uruguay,6,Armenia,1,Uruguay,4,New Zealand,2,Montenegro,1,West Bank,6,Kuwait,25,Philippines,2,Brazil,1,Sweden,20,Italy,7,Egypt,6,Iraq,39,Belgium,16,Bahrain,3,Morocco,3,New Zealand,10,Slovenia,3,Malta,4
,,,,,,,,,,Somalia,4,,,,,,,,,,,,,,,Norway,2,Kuwait,4,Israel,2,,,,,United Kingdom,12,France,27,Greece,4,Chile,2,Vietnam, Democratic Republic of,Afghanistan,1,Qatar,5,Colombia,3,Canada,13,Austria,2,Kuwait,4,Algeria,1,Afghanistan,1,Japan,2,Nigeria,1,United Arab Emirates,7,Czech Republic,4,Gaza Strip,5,Northern Mariana Islands,1,Greece,2,Northern Mariana Islands,1,France,7,Sweden,2,China,13,Sweden,2,China,13,Myanmar,3,Saudi Arabia,2,Denmark,2,Kuwait,4,Uruguay,2,Germany,50,Israel,42,Pakistan,2,Switzerland,7,Ireland,3,Kuwait,6,Libya,1,Kuwait,16,Yemen,5,Sweden,55,Spain,12,Qatar,7,Netherlands,12
,,,,,,,,,,Cambodia,4,,,,,,,,,,,,,,,,,Qatar,4,United Arab Emirates,1,,,,,China,1,Serbia,1,Cyprus,1,Egypt,19,Finland,1,Ethiopia,3,Azerbaijan,2,Switzerland,4,Russia,58,Germany,4,Western Sahara,2,Canada,10,Algeria,9,Northern Mariana Islands,3,Denmark,3,Sweden,5,Germany,15,Iran,7,Germany,9,Finland,2,Canada,1,China,1,Uruguay,5,United Arab Emirates,3,Uruguay,5,United Arab Emirates,3,United Arab Emirates,2,Congo,1,Sudan,1,Egypt,17,South Sudan,4,Japan,1,Pakistan,14,India,2,Japan,7,Iran,6,Israel,32,Sudan,7,Serbia,1,Canada,10,Australia,318,Tanzania,2,Hungary,14,Haiti,2
,,,,,,,,,,India,5,,,,,,,,,,,,,,,,,Vietnam, Democratic Republic of,1,,,,,,United Arab Emirates,5,Canada,11,Austria,3,Thailand,3,Algeria,3,Canada,3,United Kingdom,8,Morocco,2,Greece,1,France,7,Indonesia,3,Northern Mariana Islands,1,Sudan,2,Gibraltar,1,Philippines,1,Mauritania,2,Sweden,4,United States,22,Cuba,1,Belarus,1,Czech Republic,4,Germany,8,Uganda,1,United Kingdom,10,Uganda,1,United Kingdom,10,France,2,Canada,1,Nigeria,1,Uruguay,25,Greece,26,Ireland,1,Gaza Strip,10,France,1,Taiwan,5,Yemen,2,Ireland,4,Armenia,1,Rwanda,2,Afghanistan,11,Senegal,1,Kuwait,22,Dominican Republic,1,Kazakhstan,3
,,,,,,,,,,Greece,1,,,,,,,,,,,,,,,,,Yemen,1,,,,,,,Belgium,10,Italy,6,Bahrain,3,Armenia,1,Northern Mariana Islands,1,Libya,7,Afghanistan,7,Egypt,8,China,1,Somalia,14,Australia,3,Australia,9,Yemen,2,Italy,11,France,20,France,43,Pakistan,2,Czech Republic,1,United Arab Emirates,1,Kuwait,2,Finland,5,Canada,9,Belgium,1,Sweden,7,Belgium,1,Sweden,7,Iran,3,Egypt,1,Canada,10,Mexico,5,Norway,2,Afghanistan,1,West Bank,9,Italy,3,Somalia,1,Pakistan,5,Switzerland,2,Egypt,25,Eritrea,5,Libya,8,Saudi Arabia,82,Cuba,1,Iran,29,United Arab Emirates,6
,,,,,,,,,,West Bank,2,,,,,,,,,,,,,,,,,Czech Republic,1,,,,,,,West Bank,1,South Africa,1,Germany,6,Greece,2,Georgia,2,Iran,13,Pakistan,1,Kosovo,1,Saudi Arabia,1,Iran,5,France,2,Congo,1,Egypt,43,Canada,12,Belgium,2,United Kingdom,30,Italy,6,Israel,36,Democratic Republic of the Congo,1,Croatia,2,Switzerland,3,Australia,8,Norway,2,Cyprus,1,Norway,2,Cyprus,1,Netherlands,4,Qatar,1,Malaysia,3,Italy,16,Bulgaria,9,Qatar,7,Norway,4,Saudi Arabia,4,Qatar,8,Spain,3,Greece,2,Saudi Arabia,4,Israel,15,Gaza Strip,6,Israel,244,Vietnam,13,Sweden,32,Somalia,8
,,,,,,,,,,Sri Lanka,1,,,,,,,,,,,,,,,,,,,,,,,,,Germany,4,West Bank,1,Sudan,1,Iran,7,Bahrain,2,Indonesia,1,West Bank,5,Afghanistan,24,France,1,Afghanistan,1,United Kingdom,5,Ireland,5,,1,Switzerland,4,Germany,93,India,1,Iran,16,Portugal,6,Argentina,1,Iran,10,Libya,4,Malta,3,Switzerland,3,Italy,8,Switzerland,3,Italy,8,Pakistan,1,Sweden,1,Algeria,2,Denmark,1,Canada,13,Canada,41,Libya,1,Cuba,3,France,2,Uruguay,4,Australia,1,Denmark,10,Pakistan,1,Philippines,3,Oceans,23,Ireland,4,Oceans,8,Hungary,15
,,,,,,,,,,Canada,2,,,,,,,,,,,,,,,,,,,,,,,,,Turkmenistan,4,Russia,3,Libya,9,Canada,5,Afghanistan,1,Ecuador,1,Saudi Arabia,17,Canada,5,Northern Mariana Islands,2,Gaza Strip,1,Germany,3,West Bank,2,Ireland,3,Kuwait,1,United Arab Emirates,2,Saudi Arabia,6,New Zealand,1,India,2,Switzerland,21,Japan,1,Congo,1,United Kingdom,2,Indonesia,1,Vietnam,1,Indonesia,1,Vietnam,1,United Kingdom,3,Bulgaria,3,China,3,Luxembourg,6,Libya,29,New Zealand,4,India,3,Uruguay,2,Nicaragua,6,South Korea,1,Sweden,13,United Arab Emirates,3,Nepal,3,Hungary,20,Yemen,16,Honduras,1,Venezuela,2,Sweden,9
,,,,,,,,,,,,,,,,,,,,,,,,,,,,,,,,,,,,Romania,1,China,17,Egypt,8,Germany,13,Germany,1,Pakistan,9,Russia,15,Georgia,1,Morocco,8,Eritrea,2,Canada,4,Netherlands,1,Malaysia,7,United Arab Emirates,3,Sweden,42,Azerbaijan,2,West Bank,7,Bulgaria,23,Netherlands,1,Bahrain,1,Malta,1,Oman,1,Papua New Guinea,1,Spain,2,Papua New Guinea,1,Spain,2,Afghanistan,4,Malta,1,Switzerland,1,Nigeria,2,Central African Republic,1,Armenia,4,Qatar,12,Zimbabwe,2,Greece,1,United Arab Emirates,4,Cuba,1,Switzerland,5,India,1,Pakistan,9,Afghanistan,17,Montenegro,1,Panama,3,Italy,13
,,,,,,,,,,,,,,,,,,,,,,,,,,,,,,,,,,,,Canada,2,Ecuador,2,Kuwait,8,Qatar,1,,,Saudi Arabia,2,France,34,Eritrea,2,Algeria,13,United Kingdom,1,Greece,1,Qatar,1,Gaza Strip,2,Sudan,1,Egypt,63,Italy,38,Puerto Rico,6,France,9,Japan,5,Spain,1,Ireland,1,Greece,1,Afghanistan,1,Greece,2,Afghanistan,1,Greece,2,Uruguay,1,West Bank,2,Qatar,5,Greece,7,Qatar,1,Denmark,1,Kuwait,12,Rwanda,1,Gaza Strip,3,Austria,2,,1,Uruguay,1,Germany,14,Belgium,2,Kenya,3,Austria,16,Jersey,14,Bolivia,1
,,,,,,,,,,,,,,,,,,,,,,,,,,,,,,,,,,,,Gaza Strip,2,Norway,1,Micronesia,1,Japan,1,,,Switzerland,9,China,1,Netherlands,1,Senegal,3,,,Azerbaijan,11,Norway,2,Azerbaijan,1,Australia,1,Iceland,4,Germany,14,Canada,1,Greece,13,Saudi Arabia,7,Egypt,8,Morocco,1,Brazil,1,Ukraine,3,Sudan,1,Ukraine,3,Sudan,1,Northern Mariana Islands,1,India,1,Japan,4,Argentina,2,Cyprus,4,Albania,2,Bahamas,1,Haiti,1,Afghanistan,1,Norway,10,Oceans,2,Ukraine,2,Sweden,12,Mexico,1,Ireland,40,Malaysia,24,Macedonia,14,New Zealand,6
,,,,,,,,,,,,,,,,,,,,,,,,,,,,,,,,,,,,Russia,1,Bosnia-Herzegovina,1,Afghanistan,6,France,3,,,West Bank,4,Canada,2,United Arab Emirates,2,Tunisia,10,,,South Korea,6,United Arab Emirates,2,United Arab Emirates,3,Ireland,4,Pakistan,3,Canada,8,Morocco,4,Equatorial Guinea,5,Canada,1,India,1,Iran,3,Philippines,4,United Kingdom,4,Pakistan,1,United Kingdom,4,Pakistan,1,Vietnam,1,Brazil,1,Bulgaria,3,Norway,5,Peru,1,Norway,7,Thailand,1,Armenia,2,Morocco,2,Canada,8,Austria,6,Turkmenistan,3,Ukraine,1,Oceans,7,France,102,Pakistan,4,Ukraine,11,Armenia,15
,,,,,,,,,,,,,,,,,,,,,,,,,,,,,,,,,,,,Algeria,1,Somalia,1,Venezuela,1,Morocco,2,,,Italy,3,Bahrain,3,Italy,3,Sweden,6,,,West Bank,2,Ethiopia,4,Qatar,3,South Korea,3,Lithuania,1,Greece,2,Greece,4,Guinea-Bissau,3,Egypt,29,China,3,Norway,2,Libya,2,Argentina,1,Canada,40,Argentina,1,Canada,40,Hong Kong,1,Ireland,16,Malta,4,Pakistan,1,Ireland,1,Turkmenistan,1,United Arab Emirates,6,Afghanistan,1,Norway,8,Luxembourg,2,Hungary,4,Lithuania,3,Hungary,2,Eritrea,14,Sudan,4,Denmark,3,Somalia,12,Israel,63
,,,,,,,,,,,,,,,,,,,,,,,,,,,,,,,,,,,,Sudan,1,Algeria,2,China,1,Australia,1,,,Greece,2,Democratic Republic of the Congo,1,Germany,1,West Bank,3,,,Somalia,6,China,1,Lithuania,5,Bahrain,4,Afghanistan,1,Afghanistan,1,Armenia,2,Sudan,3,Bahrain,1,Thailand,2,Qatar,4,Austria,5,Georgia,1,Luxembourg,1,Georgia,1,Luxembourg,1,Libya,2,Oceans,2,Ukraine,3,Northern Mariana Islands,1,Mexico,2,Sudan,4,Switzerland,1,Greece,6,Hungary,1,Monaco,2,Armenia,2,Burundi,8,Iran,3,China,15,Libya,11,Qatar,3,Ireland,20,Belgium,13
,,,,,,,,,,,,,,,,,,,,,,,,,,,,,,,,,,,,Greece,3,Japan,3,Japan,4,Israel,3,,,Georgia,2,Haiti,2,United Kingdom,10,United Arab Emirates,4,,,Iraq,16,Sudan,1,Saudi Arabia,4,Denmark,2,Ireland,4,Switzerland,5,Gaza Strip,1,Malaysia,2,Brazil,1,Libya,2,Cyprus,4,Northern Mariana Islands,1,Italy,3,Armenia,1,Italy,3,Armenia,1,Japan,10,,,Northern Mariana Islands,1,South Sudan,1,Oceans,7,Saudi Arabia,6,Czech Republic,20,Nicaragua,1,Central African Republic,1,Burkina Faso,1,Kenya,3,Japan,3,Canada,6,Czech Republic,1,Uganda,5,Mexico,5,Austria,5,Iran,13
,,,,,,,,,,,,,,,,,,,,,,,,,,,,,,,,,,,,,,Tunisia,13,Brazil,1,,,,,Germany,4,Northern Mariana Islands,1,Belgium,1,Hungary,1,,,Niger,1,Saudi Arabia,1,Libya,8,Malta,2,Iran,12,Tunisia,6,Nigeria,3,Russia,3,France,3,Haiti,1,Greece,1,Kenya,1,Somalia,2,Ireland,1,Somalia,2,Ireland,1,Kuwait,4,,,Australia,3,Morocco,1,Russia,2,China,1,Saudi Arabia,1,Central African Republic,2,Belarus,1,Qatar,6,Somalia,1,New Zealand,4,Libya,1,Japan,2,Spain,36,Sweden,20,Denmark,11,Serbia,5
,,,,,,,,,,,,,,,,,,,,,,,,,,,,,,,,,,,,,,India,1,Saudi Arabia,2,,,,,Belgium,4,Italy,1,Algeria,4,Afghanistan,4,,,Georgia,4,Vietnam,1,Rwanda,2,Iran,3,Kuwait,3,Malta,12,Afghanistan,2,Central African Republic,1,Finland,4,Norway,1,Sweden,7,South Korea,1,Canada,8,Norway,8,Canada,8,Norway,8,China,2,,,Iran,4,Thailand,1,Haiti,1,Belgium,3,Sri Lanka,1,Russia,4,Austria,2,Greece,16,Taiwan,2,Canada,3,Nigeria,1,Malta,2,United Arab Emirates,92,Belgium,14,Russia,38,Ireland,8
,,,,,,,,,,,,,,,,,,,,,,,,,,,,,,,,,,,,,,Ireland,2,Somalia,7,,,,,Cyprus,2,Gaza Strip,1,Uzbekistan,6,Mauritania,3,,,United Arab Emirates,2,Denmark,1,Morocco,2,Yemen,1,Kosovo,1,Oceans,1,Luxembourg,1,Spain,4,New Zealand,4,Denmark,2,Australia,4,Somalia,2,Libya,3,Australia,1,Libya,3,Australia,1,India,1,,,Greece,7,Taiwan,1,Luxembourg,1,Sweden,5,China,1,Cyprus,2,Uganda,1,France,11,France,6,Finland,1,Ireland,1,Ethiopia,1,Russia,57,Bhutan,1,Croatia,5,Australia,36
,,,,,,,,,,,,,,,,,,,,,,,,,,,,,,,,,,,,,,Yemen,2,Mali,1,,,,,Vatican City,1,Cyprus,1,Hungary,2,Western Sahara,4,,,Armenia,2,Oceans,6,Tunisia,1,Serbia,1,Libya,12,Northern Mariana Islands,2,Colombia,1,Ireland,2,Oman,1,Kosovo,1,Egypt,2,Puerto Rico,1,United Arab Emirates,1,Turkmenistan,2,United Arab Emirates,1,Turkmenistan,2,Spain,1,,,Afghanistan,2,Afghanistan,1,Italy,1,Czech Republic,4,France,2,,,Ireland,3,Germany,4,Qatar,6,Colombia,3,China,1,Indonesia,5,Brazil,40,Oman,1,Afghanistan,39,Libya,2
,,,,,,,,,,,,,,,,,,,,,,,,,,,,,,,,,,,,,,Pakistan,1,Burkina Faso,1,,,,,Bahrain,3,Brazil,1,,,Luxembourg,2,,,,,Sweden,1,Greece,6,Somalia,14,Argentina,1,Mexico,1,Bahrain,1,Qatar,1,Poland,2,Pakistan,3,Bosnia-Herzegovina,1,Italy,1,Spain,1,Afghanistan,1,Spain,1,Afghanistan,1,,,,,India,1,Rwanda,1,Ukraine,1,West Bank,2,Australia,1,,,Brazil,1,Australia,2,Malaysia,5,Afghanistan,6,Qatar,1,Switzerland,3,Netherlands,15,Macedonia,5,Serbia,11,Switzerland,11
,,,,,,,,,,,,,,,,,,,,,,,,,,,,,,,,,,,,,,United Arab Emirates,1,Bulgaria,1,,,,,,,,,,,,,,,,,,,Switzerland,1,Armenia,2,Spain,1,Gaza Strip,3,Somalia,1,United Arab Emirates,3,Austria,1,Malaysia,2,Armenia,2,Iran,16,Morocco,3,Netherlands,2,Morocco,3,Netherlands,2,,,,,Philippines,1,United Arab Emirates,1,,,Libya,3,Turkmenistan,2,,,Lithuania,1,Switzerland,7,Iran,4,Congo,2,South Africa,1,Saudi Arabia,7,Estonia,1,Libya,3,Thailand,2,Slovenia,2
,,,,,,,,,,,,,,,,,,,,,,,,,,,,,,,,,,,,,,,,New Zealand,10,,,,,,,,,,,,,,,,,,,Japan,8,Azerbaijan,1,Morocco,3,Belarus,1,Qatar,5,South Sudan,1,Czech Republic,1,Oman,1,Japan,2,Romania,6,Malaysia,1,Switzerland,1,Malaysia,1,Switzerland,1,,,,,Cyprus,54,Gaza Strip,1,,,Mali,1,Japan,9,,,Tunisia,4,Afghanistan,5,Azerbaijan,4,South Korea,4,Vatican City,1,Macedonia,50,Czechoslovakia,12,Argentina,1,,4,Iceland,1
,,,,,,,,,,,,,,,,,,,,,,,,,,,,,,,,,,,,,,,,Chile,1,,,,,,,,,,,,,,,,,,,Micronesia,1,Bulgaria,1,Netherlands,3,Yemen,21,Burundi,1,China,2,South Africa,2,Singapore,2,Bangladesh,1,Czech Republic,1,,,Kazakhstan,1,,,Kazakhstan,1,,,,,Mexico,2,Russia,1,,,Sierra Leone,1,Ecuador,2,,,Yemen,1,Belgium,2,West Bank,3,West Bank,2,Peru,1,Bulgaria,5,Egypt,97,Dominican Republic,1,China,12,South Africa,1
,,,,,,,,,,,,,,,,,,,,,,,,,,,,,,,,,,,,,,,,Djibouti,1,,,,,,,,,,,,,,,,,,,Poland,2,Qatar,3,China,4,West Bank,5,Congo,2,Morocco,1,Algeria,12,United Arab Emirates,2,,,Netherlands,1,,,Mexico,1,,,Mexico,1,,,,,Netherlands,2,Czech Republic,1,,,South Korea,2,Kosovo,2,,,Armenia,3,Bulgaria,1,South Korea,7,Luxembourg,2,Indonesia,8,Ireland,5,Serbia,31,Eritrea,4,Albania,8,Macedonia,3
,,,,,,,,,,,,,,,,,,,,,,,,,,,,,,,,,,,,,,,,Gaza Strip,2,,,,,,,,,,,,,,,,,,,Brazil,1,,,Belarus,10,South Africa,1,United Arab Emirates,3,Uganda,1,West Bank,2,Australia,7,,,,,,,Mauritania,1,,,Mauritania,1,,,,,Oceans,1,Bahrain,1,,,Russia,1,Congo,1,,,Sri Lanka,8,Macedonia,2,Macedonia,1,Russia,2,Armenia,1,Austria,10,Qatar,18,Czech Republic,2,Saudi Arabia,29,Vietnam,12
,,,,,,,,,,,,,,,,,,,,,,,,,,,,,,,,,,,,,,,,,,,,,,,,,,,,,,,,,,,,Somalia,1,,,Northern Mariana Islands,1,Somalia,2,,,Ukraine,1,Uganda,1,Saudi Arabia,3,,,,,,,Nauru,1,,,Nauru,1,,,,,Ireland,2,Iran,1,,,Brazil,1,Armenia,1,,,China,2,Malta,1,Gaza Strip,1,Hungary,3,France,1,Australia,1,Portugal,3,Brazil,7,Norway,13,Pakistan,14
,,,,,,,,,,,,,,,,,,,,,,,,,,,,,,,,,,,,,,,,,,,,,,,,,,,,,,,,,,,,Czech Republic,1,,,Somalia,10,Hong Kong,7,,,Armenia,2,Morocco,9,Afghanistan,1,,,,,,,Bulgaria,2,,,Bulgaria,2,,,,,Spain,1,Sweden,2,,,Pakistan,5,Malaysia,1,,,Bangladesh,1,China,2,Nepal,2,Tanzania,9,,,Albania,1,Croatia,25,West Bank,1,Zimbabwe,1,Bulgaria,5
,,,,,,,,,,,,,,,,,,,,,,,,,,,,,,,,,,,,,,,,,,,,,,,,,,,,,,,,,,,,,,,,Micronesia,6,Netherlands,3,,,,,Norway,1,,,,,,,,,Brazil,1,,,Brazil,1,,,,,South Korea,2,,,,,Nepal,1,Netherlands,1,,,Argentina,1,Armenia,1,China,1,Pakistan,6,,,Netherlands,3,Niger,1,Nigeria,2,Pakistan,4,Guam,1
,,,,,,,,,,,,,,,,,,,,,,,,,,,,,,,,,,,,,,,,,,,,,,,,,,,,,,,,,,,,,,,,Estonia,1,Belgium,1,,,,,Gaza Strip,2,,,,,,,,,,,,,,,,,,,Armenia,1,,,,,Gaza Strip,1,Bulgaria,2,,,Uruguay,2,South Sudan,1,Poland,1,Belgium,1,,,Burundi,2,Vietnam,34,France,38,Bulgaria,2,Philippines,5
,,,,,,,,,,,,,,,,,,,,,,,,,,,,,,,,,,,,,,,,,,,,,,,,,,,,,,,,,,,,,,,,Saudi Arabia,1,Norway,3,,,,,Puerto Rico,1,,,,,,,,,,,,,,,,,,,Belgium,1,,,,,Taiwan,1,South Sudan,1,,,Monaco,1,Nepal,1,Brazil,7,Australia,3,,,Antigua and Barbuda,4,Switzerland,31,China,8,Kosovo,26,Afghanistan,18
,,,,,,,,,,,,,,,,,,,,,,,,,,,,,,,,,,,,,,,,,,,,,,,,,,,,,,,,,,,,,,,,Brazil,7,Qatar,1,,,,,,,,,,,,,,,,,,,,,,,,,United Arab Emirates,3,,,,,Kenya,2,Luxembourg,2,,,Congo,7,Sierra Leone,4,Japan,1,Bangladesh,1,,,Norway,3,Argentina,12,Japan,6,West Bank,3,Portugal,2
,,,,,,,,,,,,,,,,,,,,,,,,,,,,,,,,,,,,,,,,,,,,,,,,,,,,,,,,,,,,,,,,Albania,4,,,,,,,,,,,,,,,,,,,,,,,,,,,,,,,,,Cuba,1,,,,,South Sudan,7,Senegal,2,Finland,1,Austria,2,,,Iceland,1,Uruguay,68,Serbia,9,Sri Lanka,1,Liberia,3
,,,,,,,,,,,,,,,,,,,,,,,,,,,,,,,,,,,,,,,,,,,,,,,,,,,,,,,,,,,,,,,,Venezuela,4,,,,,,,,,,,,,,,,,,,,,,,,,,,,,,,,,Vatican City,1,,,,,Eritrea,2,Burundi,4,Spain,2,Central African Republic,1,,,Qatar,1,China,28,Iceland,3,Guernsey,1,Egypt,11
,,,,,,,,,,,,,,,,,,,,,,,,,,,,,,,,,,,,,,,,,,,,,,,,,,,,,,,,,,,,,,,,Romania,2,,,,,,,,,,,,,,,,,,,,,,,,,,,,,,,,,Iran,1,,,,,Denmark,2,,,,,Somalia,3,,,,,Denmark,19,Croatia,10,Switzerland,2,Lithuania,1
,,,,,,,,,,,,,,,,,,,,,,,,,,,,,,,,,,,,,,,,,,,,,,,,,,,,,,,,,,,,,,,,India,3,,,,,,,,,,,,,,,,,,,,,,,,,,,,,,,,,Nigeria,1,,,,,Czech Republic,1,,,,,Bulgaria,2,,,,,Congo,1,Saudi Arabia,7,United Arab Emirates,5,Sudan,5
,,,,,,,,,,,,,,,,,,,,,,,,,,,,,,,,,,,,,,,,,,,,,,,,,,,,,,,,,,,,,,,,Azerbaijan,4,,,,,,,,,,,,,,,,,,,,,,,,,,,,,,,,,Indonesia,1,,,,,Netherlands,15,,,,,Tunisia,2,,,,,Armenia,8,Luxembourg,1,Malta,8,Nigeria,1
,,,,,,,,,,,,,,,,,,,,,,,,,,,,,,,,,,,,,,,,,,,,,,,,,,,,,,,,,,,,,,,,Saint Lucia,2,,,,,,,,,,,,,,,,,,,,,,,,,,,,,,,,,,,,,,,Luxembourg,4,,,,,Spain,1,,,,,Poland,12,Oceans,17,Italy,11,India,3
,,,,,,,,,,,,,,,,,,,,,,,,,,,,,,,,,,,,,,,,,,,,,,,,,,,,,,,,,,,,,,,,Nicaragua,1,,,,,,,,,,,,,,,,,,,,,,,,,,,,,,,,,,,,,,,Nepal,1,,,,,South Africa,1,,,,,Norway,45,Netherlands,7,Hong Kong,3,Thailand,3
,,,,,,,,,,,,,,,,,,,,,,,,,,,,,,,,,,,,,,,,,,,,,,,,,,,,,,,,,,,,,,,,Japan,2,,,,,,,,,,,,,,,,,,,,,,,,,,,,,,,,,,,,,,,Saudi Arabia,1,,,,,Czech Republic,4,,,,,Tunisia,6,Gaza Strip,6,Czech Republic,1,Malaysia,13
,,,,,,,,,,,,,,,,,,,,,,,,,,,,,,,,,,,,,,,,,,,,,,,,,,,,,,,,,,,,,,,,Georgia,4,,,,,,,,,,,,,,,,,,,,,,,,,,,,,,,,,,,,,,,,,,,,,,,,,,,Kuwait,24,South Africa,16,Uruguay,1,Poland,1
,,,,,,,,,,,,,,,,,,,,,,,,,,,,,,,,,,,,,,,,,,,,,,,,,,,,,,,,,,,,,,,,Finland,4,,,,,,,,,,,,,,,,,,,,,,,,,,,,,,,,,,,,,,,,,,,,,,,,,,,Bahrain,85,Latvia,1,Kuwait,24,Cyprus,3
,,,,,,,,,,,,,,,,,,,,,,,,,,,,,,,,,,,,,,,,,,,,,,,,,,,,,,,,,,,,,,,,Congo,1,,,,,,,,,,,,,,,,,,,,,,,,,,,,,,,,,,,,,,,,,,,,,,,,,,,Cyprus,20,Armenia,4,Uganda,11,Congo,5
,,,,,,,,,,,,,,,,,,,,,,,,,,,,,,,,,,,,,,,,,,,,,,,,,,,,,,,,,,,,,,,,Sri Lanka,1,,,,,,,,,,,,,,,,,,,,,,,,,,,,,,,,,,,,,,,,,,,,,,,,,,,Luxembourg,14,United Arab Emirates,11,India,7,Spain,2
,,,,,,,,,,,,,,,,,,,,,,,,,,,,,,,,,,,,,,,,,,,,,,,,,,,,,,,,,,,,,,,,Armenia,4,,,,,,,,,,,,,,,,,,,,,,,,,,,,,,,,,,,,,,,,,,,,,,,,,,,Chile,10,Hong Kong,2,Nigeria,2,Gaza Strip,3
,,,,,,,,,,,,,,,,,,,,,,,,,,,,,,,,,,,,,,,,,,,,,,,,,,,,,,,,,,,,,,,,Yemen,1,,,,,,,,,,,,,,,,,,,,,,,,,,,,,,,,,,,,,,,,,,,,,,,,,,,Pakistan,14,Bulgaria,7,Vietnam,25,Nepal,3
,,,,,,,,,,,,,,,,,,,,,,,,,,,,,,,,,,,,,,,,,,,,,,,,,,,,,,,,,,,,,,,,,,,,,,,,,,,,,,,,,,,,,,,,,,,,,,,,,,,,,,,,,,,,,,,,,,,,Kosovo,12,Estonia,1,Spain,2,Chad,1
,,,,,,,,,,,,,,,,,,,,,,,,,,,,,,,,,,,,,,,,,,,,,,,,,,,,,,,,,,,,,,,,,,,,,,,,,,,,,,,,,,,,,,,,,,,,,,,,,,,,,,,,,,,,,,,,,,,,Finland,6,Namibia,4,Malaysia,34,Mali,2
,,,,,,,,,,,,,,,,,,,,,,,,,,,,,,,,,,,,,,,,,,,,,,,,,,,,,,,,,,,,,,,,,,,,,,,,,,,,,,,,,,,,,,,,,,,,,,,,,,,,,,,,,,,,,,,,,,,,Nicaragua,1,Sudan,7,Cuba,30,Kosovo,30
,,,,,,,,,,,,,,,,,,,,,,,,,,,,,,,,,,,,,,,,,,,,,,,,,,,,,,,,,,,,,,,,,,,,,,,,,,,,,,,,,,,,,,,,,,,,,,,,,,,,,,,,,,,,,,,,,,,,North Korea,5,Ukraine,3,Poland,7,Uganda,6
,,,,,,,,,,,,,,,,,,,,,,,,,,,,,,,,,,,,,,,,,,,,,,,,,,,,,,,,,,,,,,,,,,,,,,,,,,,,,,,,,,,,,,,,,,,,,,,,,,,,,,,,,,,,,,,,,,,,South Korea,8,Malta,2,Myanmar,6,Croatia,2
,,,,,,,,,,,,,,,,,,,,,,,,,,,,,,,,,,,,,,,,,,,,,,,,,,,,,,,,,,,,,,,,,,,,,,,,,,,,,,,,,,,,,,,,,,,,,,,,,,,,,,,,,,,,,,,,,,,,India,9,Switzerland,2,Bhutan,3,Japan,5
,,,,,,,,,,,,,,,,,,,,,,,,,,,,,,,,,,,,,,,,,,,,,,,,,,,,,,,,,,,,,,,,,,,,,,,,,,,,,,,,,,,,,,,,,,,,,,,,,,,,,,,,,,,,,,,,,,,,Venezuela,19,Finland,4,Niger,2,Bahrain,6
,,,,,,,,,,,,,,,,,,,,,,,,,,,,,,,,,,,,,,,,,,,,,,,,,,,,,,,,,,,,,,,,,,,,,,,,,,,,,,,,,,,,,,,,,,,,,,,,,,,,,,,,,,,,,,,,,,,,Algeria,3,Bosnia-Herzegovina,1,Georgia,9,Eritrea,2
,,,,,,,,,,,,,,,,,,,,,,,,,,,,,,,,,,,,,,,,,,,,,,,,,,,,,,,,,,,,,,,,,,,,,,,,,,,,,,,,,,,,,,,,,,,,,,,,,,,,,,,,,,,,,,,,,,,,Malta,7,Slovenia,4,Portugal,8,Uzbekistan,1
,,,,,,,,,,,,,,,,,,,,,,,,,,,,,,,,,,,,,,,,,,,,,,,,,,,,,,,,,,,,,,,,,,,,,,,,,,,,,,,,,,,,,,,,,,,,,,,,,,,,,,,,,,,,,,,,,,,,Philippines,13,Uruguay,2,Rwanda,2,Guyana,1
,,,,,,,,,,,,,,,,,,,,,,,,,,,,,,,,,,,,,,,,,,,,,,,,,,,,,,,,,,,,,,,,,,,,,,,,,,,,,,,,,,,,,,,,,,,,,,,,,,,,,,,,,,,,,,,,,,,,Jersey,7,Cyprus,6,Micronesia,1,West Bank,2
,,,,,,,,,,,,,,,,,,,,,,,,,,,,,,,,,,,,,,,,,,,,,,,,,,,,,,,,,,,,,,,,,,,,,,,,,,,,,,,,,,,,,,,,,,,,,,,,,,,,,,,,,,,,,,,,,,,,Papua New Guinea,11,Nauru,5,Belgium,11,Ethiopia,3
,,,,,,,,,,,,,,,,,,,,,,,,,,,,,,,,,,,,,,,,,,,,,,,,,,,,,,,,,,,,,,,,,,,,,,,,,,,,,,,,,,,,,,,,,,,,,,,,,,,,,,,,,,,,,,,,,,,,Japan,23,India,1,Congo,4,Kenya,1
,,,,,,,,,,,,,,,,,,,,,,,,,,,,,,,,,,,,,,,,,,,,,,,,,,,,,,,,,,,,,,,,,,,,,,,,,,,,,,,,,,,,,,,,,,,,,,,,,,,,,,,,,,,,,,,,,,,,Nauru,16,Poland,6,Philippines,27,Oceans,4
,,,,,,,,,,,,,,,,,,,,,,,,,,,,,,,,,,,,,,,,,,,,,,,,,,,,,,,,,,,,,,,,,,,,,,,,,,,,,,,,,,,,,,,,,,,,,,,,,,,,,,,,,,,,,,,,,,,,Belgium,43,Kosovo,5,Ethiopia,5,Czechoslovakia,1
,,,,,,,,,,,,,,,,,,,,,,,,,,,,,,,,,,,,,,,,,,,,,,,,,,,,,,,,,,,,,,,,,,,,,,,,,,,,,,,,,,,,,,,,,,,,,,,,,,,,,,,,,,,,,,,,,,,,Albania,5,Brunei,1,Armenia,7,Luxembourg,1
,,,,,,,,,,,,,,,,,,,,,,,,,,,,,,,,,,,,,,,,,,,,,,,,,,,,,,,,,,,,,,,,,,,,,,,,,,,,,,,,,,,,,,,,,,,,,,,,,,,,,,,,,,,,,,,,,,,,Belarus,2,,,South Korea,4,Qatar,2
,,,,,,,,,,,,,,,,,,,,,,,,,,,,,,,,,,,,,,,,,,,,,,,,,,,,,,,,,,,,,,,,,,,,,,,,,,,,,,,,,,,,,,,,,,,,,,,,,,,,,,,,,,,,,,,,,,,,Montenegro,3,,,Japan,24,Colombia,3
,,,,,,,,,,,,,,,,,,,,,,,,,,,,,,,,,,,,,,,,,,,,,,,,,,,,,,,,,,,,,,,,,,,,,,,,,,,,,,,,,,,,,,,,,,,,,,,,,,,,,,,,,,,,,,,,,,,,Cambodia,6,,,Romania,2,Bangladesh,3
,,,,,,,,,,,,,,,,,,,,,,,,,,,,,,,,,,,,,,,,,,,,,,,,,,,,,,,,,,,,,,,,,,,,,,,,,,,,,,,,,,,,,,,,,,,,,,,,,,,,,,,,,,,,,,,,,,,,Colombia,1,,,Eritrea,2,Ukraine,2
,,,,,,,,,,,,,,,,,,,,,,,,,,,,,,,,,,,,,,,,,,,,,,,,,,,,,,,,,,,,,,,,,,,,,,,,,,,,,,,,,,,,,,,,,,,,,,,,,,,,,,,,,,,,,,,,,,,,Ukraine,12,,,Czechoslovakia,2,Yemen,3
,,,,,,,,,,,,,,,,,,,,,,,,,,,,,,,,,,,,,,,,,,,,,,,,,,,,,,,,,,,,,,,,,,,,,,,,,,,,,,,,,,,,,,,,,,,,,,,,,,,,,,,,,,,,,,,,,,,,Burundi,2,,,Colombia,2,Zambia,1
,,,,,,,,,,,,,,,,,,,,,,,,,,,,,,,,,,,,,,,,,,,,,,,,,,,,,,,,,,,,,,,,,,,,,,,,,,,,,,,,,,,,,,,,,,,,,,,,,,,,,,,,,,,,,,,,,,,,Tanzania,2,,,Antarctica,2,Sri Lanka,1
,,,,,,,,,,,,,,,,,,,,,,,,,,,,,,,,,,,,,,,,,,,,,,,,,,,,,,,,,,,,,,,,,,,,,,,,,,,,,,,,,,,,,,,,,,,,,,,,,,,,,,,,,,,,,,,,,,,,Mexico,13,,,Mali,5,Cote dIvoire,2
,,,,,,,,,,,,,,,,,,,,,,,,,,,,,,,,,,,,,,,,,,,,,,,,,,,,,,,,,,,,,,,,,,,,,,,,,,,,,,,,,,,,,,,,,,,,,,,,,,,,,,,,,,,,,,,,,,,,Gibraltar,1,,,Bahrain,2,Denmark,1
,,,,,,,,,,,,,,,,,,,,,,,,,,,,,,,,,,,,,,,,,,,,,,,,,,,,,,,,,,,,,,,,,,,,,,,,,,,,,,,,,,,,,,,,,,,,,,,,,,,,,,,,,,,,,,,,,,,,Haiti,2,,,Honduras,1,Puerto Rico,1
,,,,,,,,,,,,,,,,,,,,,,,,,,,,,,,,,,,,,,,,,,,,,,,,,,,,,,,,,,,,,,,,,,,,,,,,,,,,,,,,,,,,,,,,,,,,,,,,,,,,,,,,,,,,,,,,,,,,Somalia,5,,,Bahamas, The,Sierra Leone,1
,,,,,,,,,,,,,,,,,,,,,,,,,,,,,,,,,,,,,,,,,,,,,,,,,,,,,,,,,,,,,,,,,,,,,,,,,,,,,,,,,,,,,,,,,,,,,,,,,,,,,,,,,,,,,,,,,,,,Oman,4,,,Brunei,1,Myanmar,3
,,,,,,,,,,,,,,,,,,,,,,,,,,,,,,,,,,,,,,,,,,,,,,,,,,,,,,,,,,,,,,,,,,,,,,,,,,,,,,,,,,,,,,,,,,,,,,,,,,,,,,,,,,,,,,,,,,,,Zimbabwe,1,,,Morocco,1,Azerbaijan,1
,,,,,,,,,,,,,,,,,,,,,,,,,,,,,,,,,,,,,,,,,,,,,,,,,,,,,,,,,,,,,,,,,,,,,,,,,,,,,,,,,,,,,,,,,,,,,,,,,,,,,,,,,,,,,,,,,,,,Bangladesh,4,,,Indonesia,6,Brazil,1
,,,,,,,,,,,,,,,,,,,,,,,,,,,,,,,,,,,,,,,,,,,,,,,,,,,,,,,,,,,,,,,,,,,,,,,,,,,,,,,,,,,,,,,,,,,,,,,,,,,,,,,,,,,,,,,,,,,,Sri Lanka,1,,,New Zealand,1,China,1
,,,,,,,,,,,,,,,,,,,,,,,,,,,,,,,,,,,,,,,,,,,,,,,,,,,,,,,,,,,,,,,,,,,,,,,,,,,,,,,,,,,,,,,,,,,,,,,,,,,,,,,,,,,,,,,,,,,,South Africa,12,,,Bolivia,2,Rwanda,1
,,,,,,,,,,,,,,,,,,,,,,,,,,,,,,,,,,,,,,,,,,,,,,,,,,,,,,,,,,,,,,,,,,,,,,,,,,,,,,,,,,,,,,,,,,,,,,,,,,,,,,,,,,,,,,,,,,,,Bosnia-Herzegovina,2,,,Turkmenistan,3,Zimbabwe,1
,,,,,,,,,,,,,,,,,,,,,,,,,,,,,,,,,,,,,,,,,,,,,,,,,,,,,,,,,,,,,,,,,,,,,,,,,,,,,,,,,,,,,,,,,,,,,,,,,,,,,,,,,,,,,,,,,,,,Slovenia,8,,,Haiti,5,,
,,,,,,,,,,,,,,,,,,,,,,,,,,,,,,,,,,,,,,,,,,,,,,,,,,,,,,,,,,,,,,,,,,,,,,,,,,,,,,,,,,,,,,,,,,,,,,,,,,,,,,,,,,,,,,,,,,,,Chad,1,,,Jamaica,2,,
,,,,,,,,,,,,,,,,,,,,,,,,,,,,,,,,,,,,,,,,,,,,,,,,,,,,,,,,,,,,,,,,,,,,,,,,,,,,,,,,,,,,,,,,,,,,,,,,,,,,,,,,,,,,,,,,,,,,Cuba,9,,,Brazil,1,,
,,,,,,,,,,,,,,,,,,,,,,,,,,,,,,,,,,,,,,,,,,,,,,,,,,,,,,,,,,,,,,,,,,,,,,,,,,,,,,,,,,,,,,,,,,,,,,,,,,,,,,,,,,,,,,,,,,,,Rwanda,3,,,Bosnia-Herzegovina,8,,
,,,,,,,,,,,,,,,,,,,,,,,,,,,,,,,,,,,,,,,,,,,,,,,,,,,,,,,,,,,,,,,,,,,,,,,,,,,,,,,,,,,,,,,,,,,,,,,,,,,,,,,,,,,,,,,,,,,,Gaza Strip,4,,,Singapore,2,,
,,,,,,,,,,,,,,,,,,,,,,,,,,,,,,,,,,,,,,,,,,,,,,,,,,,,,,,,,,,,,,,,,,,,,,,,,,,,,,,,,,,,,,,,,,,,,,,,,,,,,,,,,,,,,,,,,,,,West Bank,6,,,Tunisia,5,,
,,,,,,,,,,,,,,,,,,,,,,,,,,,,,,,,,,,,,,,,,,,,,,,,,,,,,,,,,,,,,,,,,,,,,,,,,,,,,,,,,,,,,,,,,,,,,,,,,,,,,,,,,,,,,,,,,,,,Bulgaria,17,,,Cyprus,3,,
,,,,,,,,,,,,,,,,,,,,,,,,,,,,,,,,,,,,,,,,,,,,,,,,,,,,,,,,,,,,,,,,,,,,,,,,,,,,,,,,,,,,,,,,,,,,,,,,,,,,,,,,,,,,,,,,,,,,Panama,1,,,South Africa,1,,
,,,,,,,,,,,,,,,,,,,,,,,,,,,,,,,,,,,,,,,,,,,,,,,,,,,,,,,,,,,,,,,,,,,,,,,,,,,,,,,,,,,,,,,,,,,,,,,,,,,,,,,,,,,,,,,,,,,,Vatican City,5,,,Costa Rica,1,,
,,,,,,,,,,,,,,,,,,,,,,,,,,,,,,,,,,,,,,,,,,,,,,,,,,,,,,,,,,,,,,,,,,,,,,,,,,,,,,,,,,,,,,,,,,,,,,,,,,,,,,,,,,,,,,,,,,,,Central African Republic,1,,,,,,
,,,,,,,,,,,,,,,,,,,,,,,,,,,,,,,,,,,,,,,,,,,,,,,,,,,,,,,,,,,,,,,,,,,,,,,,,,,,,,,,,,,,,,,,,,,,,,,,,,,,,,,,,,,,,,,,,,,,Costa Rica,3,,,,,,
,,,,,,,,,,,,,,,,,,,,,,,,,,,,,,,,,,,,,,,,,,,,,,,,,,,,,,,,,,,,,,,,,,,,,,,,,,,,,,,,,,,,,,,,,,,,,,,,,,,,,,,,,,,,,,,,,,,,Ethiopia,1,,,,,,
,,,,,,,,,,,,,,,,,,,,,,,,,,,,,,,,,,,,,,,,,,,,,,,,,,,,,,,,,,,,,,,,,,,,,,,,,,,,,,,,,,,,,,,,,,,,,,,,,,,,,,,,,,,,,,,,,,,,Romania,1,,,,,,
,,,,,,,,,,,,,,,,,,,,,,,,,,,,,,,,,,,,,,,,,,,,,,,,,,,,,,,,,,,,,,,,,,,,,,,,,,,,,,,,,,,,,,,,,,,,,,,,,,,,,,,,,,,,,,,,,,,,Angola,1,,,,,,
,,,,,,,,,,,,,,,,,,,,,,,,,,,,,,,,,,,,,,,,,,,,,,,,,,,,,,,,,,,,,,,,,,,,,,,,,,,,,,,,,,,,,,,,,,,,,,,,,,,,,,,,,,,,,,,,,,,,South Sudan,1,,,,,,
,,,,,,,,,,,,,,,,,,,,,,,,,,,,,,,,,,,,,,,,,,,,,,,,,,,,,,,,,,,,,,,,,,,,,,,,,,,,,,,,,,,,,,,,,,,,,,,,,,,,,,,,,,,,,,,,,,,,Gabon,2,,,,,,
,,,,,,,,,,,,,,,,,,,,,,,,,,,,,,,,,,,,,,,,,,,,,,,,,,,,,,,,,,,,,,,,,,,,,,,,,,,,,,,,,,,,,,,,,,,,,,,,,,,,,,,,,,,,,,,,,,,,Nigeria,1,,,,,,
,,,,,,,,,,,,,,,,,,,,,,,,,,,,,,,,,,,,,,,,,,,,,,,,,,,,,,,,,,,,,,,,,,,,,,,,,,,,,,,,,,,,,,,,,,,,,,,,,,,,,,,,,,,,,,,,,,,,Malaysia,1,,,,,,
