2011 January,,2011 February,,2011 March,,2011 April,,2011 May,,2011 June,,2011 July,,2011 Auguest,,2011 September,,2011 October ,,2011 November,,2011 December,,2012 January,,2012 February,,2012 March,,2012 April,,2012 May,,2012 June,,2012 July,,2012 Auguest,,2012 September,,2012 October ,,2012 November,,2012 December,,2013 January,,2013 February,,2013 March,,2013 April,,2013 May,,2013 June,,2013 July,,2013 Auguest,,2013 September,,2013 October ,,2013 November,,2013 December,,2014 January,,2014 February,,2014 March,,2014 April,,2014 May,,2014 June,,2014 July,,2014 Auguest,,2014 September,,2014 October,,2014 November,,2015 January,,2015 February,,2015 March,,2015 April,,May-15,,2015 July,,2015 Auguest,,2015 September,,2015 October,,2015 November,,2015 December,,
Syria,10,Syria,8,Syria,27,Lebanon,2,Syria,101,Syria,601,Syria,93,Syria,196,Syria,89,Iran,2,Syria,137,Jordan,2,Syria,73,United Arab Emirates,1,Bahrain,1,Syria,648,Syria,239,Jordan,34,Syria,928,Syria,969,Syria,917,Russia,30,Syria,496,Syria,689,Egypt,37,Syria,473,Syria,563,Algeria,8,Iran,24,Poland,2,Syria,722,Syria,695,Syria,1506,Syria,979,Syria,1019,Syria,888,Greece,2,Bulgaria,11,China,5,Syria,744,Syria,872,Syria,908,Syria,669,Syria,782,Australia,3,Cyprus,7,Syria,704,Syria,855,Jordan,97,Syria,1021,Turkey,126,Syria,671,Syria,907,Syria,1016,Syria,7326,Syria,2641,Syria,5903,Syria,5903,
Australia,1,Iraq,6,Iraq,1,Iraq,2,Israel,9,Lebanon,32,Turkey,13,Lebanon,10,Jordan,4,Syria,78,Turkey,12,Syria,68,Lebanon,34,Syria,240,Syria,521,Kuwait,3,Jordan,36,Syria,431,Turkey,140,Bulgaria,1,Jordan,195,Jordan,59,Iraq,26,Jordan,63,Syria,834,Iran,23,Israel,42,Syria,251,Syria,213,Mauritania,2,Jordan,148,Tunisia,2,Greece,5,Iran,39,United Kingdom,18,Jordan,90,Syria,824,Lebanon,159,Syria,654,Lebanon,140,Bulgaria,4,Malaysia,1,Jordan,79,United States,41,Syria,582,Syria,930,Lebanon,69,United States,24,Syria,690,Kuwait,37,Syria,1128,Jordan,84,United States,31,Egypt,12,Turkey,577,Turkey,372,France,174,France,174,
Iraq,2,Denmark,1,Libya,1,Libya,1,Iraq,5,Iraq,5,Lebanon,12,United Kingdom,5,Iraq,5,Lebanon,12,Lebanon,52,Lebanon,31,Qatar,1,Libya,3,Lebanon,78,Lebanon,72,Lebanon,41,Lebanon,43,Libya,3,Lebanon,102,United States,35,Syria,520,Jordan,48,Turkey,52,Algeria,25,Russia,11,Lebanon,71,Tunisia,4,Turkey,51,Lebanon,125,Lebanon,136,Jordan,93,Hungary,2,Bulgaria,37,France,22,Lebanon,174,Israel,54,Syria,780,Lebanon,132,West Bank,3,Jordan,236,Uganda,1,Lebanon,130,Lebanon,202,Lebanon,74,Lebanon,171,Turkey,198,Egypt,20,United Arab Emirates,4,Lebanon,129,Kuwait,19,Burundi,1,Turkey,176,Iraq,31,Hungary,176,Iraq,101,Canada,1242,Canada,1242,
Israel,2,West Bank,1,Israel,3,Syria,3,Turkey,6,Tunisia,9,Israel,15,Israel,22,Lebanon,9,Northern Marchiana Islands,1,Northern Marchiana Islands,3,Turkey,2,Turkey,9,Turkey,17,Iraq,15,Turkey,241,United States,13,Libya,2,Jordan,148,Jordan,229,Turkey,142,Turkey,121,Turkey,108,United States,22,Israel,94,Iraq,10,Jordan,105,Azerbaijan,4,Tunisia,4,Iraq,15,United States,38,Egypt,24,United States,167,Jordan,107,Lebanon,214,Afghanistan,5,Iraq,43,United States,39,Israel,33,United Arab Emirates,5,France,2,Jordan,106,Israel,75,Jordan,48,Israel,4,France,11,Germany,4,United Kingdom,16,Japan,6,Turkey,134,Egypt,27,Lebanon,120,Jordan,115,Jordan,73,Germany,423,Greece,62,Jordan,336,Jordan,336,
,,Lebanon,1,Gaza Strip,1,United States,1,Pakistan,1,Turkey,393,Tunisia,1,Turkey,22,United Kingdom,2,United States,1,Libya,5,France,3,Israel,9,Jordan,62,Turkey,203,Libya,9,Turkey,66,Turkey,115,Saudi Arabia,4,United States,29,Lebanon,97,Sudan,4,Mali,2,Russia,77,Jordan,150,Israel,40,Iraq,33,Jordan,75,Libya,12,Syria,569,Russia,22,Lebanon,65,Lebanon,197,Lebanon,117,United States,33,Turkey,69,United Kingdom,40,Israel,60,Bulgaria,3,United States,26,Lebanon,147,Saudi Arabia,12,Turkey,110,Turkey,94,Gaza Strip,1,Iraq,47,Israel,20,Sweden,10,Kuwait,11,United Kingdom,17,Iraq,79,Iraq,54,Lebanon,102,Turkey,155,Greece,181,United States,285,United States,1685,United States,1685,
,,Kuwait,1,Kuwait,1,,,Jordan,6,Libya,9,Kuwait,2,United States,13,Turkey,14,Turkey,15,Morocco,6,Thailand,2,Egypt,1,Russia,3,Madagascar,1,Japan,1,Israel,2,United States,22,Italy,1,Bahrain,4,Northern Marchiana Islands,2,Lebanon,58,Mauritania,4,Lebanon,100,Tunisia,14,Lebanon,75,Kuwait,4,Iraq,12,Jordan,35,Jordan,103,Iraq,44,Turkey,60,Iraq,91,Libya,20,Jordan,162,Mali,1,Armenia,4,Turkey,73,Jordan,76,Jordan,178,Turkey,32,Lebanon,189,Thailand,1,Iraq,111,Bulgaria,1,Turkey,164,Egypt,6,Italy,11,Israel,27,Iraq,71,Jordan,111,Turkey,83,Iraq,44,Lebanon,94,Iceland,30,Lebanon,167,Mexico,18,Mexico,18,
,,,,,,,,Lebanon,45,Israel,12,Jordan,5,Eritrea,1,Austria,3,Jordan,4,West Bank,1,Iraq,2,United States,2,Iraq,15,Bulgaria,1,France,7,Nepal,1,Iraq,25,Iraq,85,Turkey,197,Iran,30,Mali,4,Lebanon,36,United Kingdom,7,Switzerland,5,Canada,3,Turkey,89,Libya,13,Russia,33,Turkey,41,Kuwait,7,United States,41,Malta,4,United States,27,Turkey,81,Switzerland,6,Kuwait,26,Algeria,5,Gaza Strip,1,Ukraine,3,Israel,109,Iran,3,United States,5,Israel,24,Jordan,22,Jordan,80,Jordan,59,Malta,4,Turkey,143,Jordan,134,Lebanon,140,United Kingdom,10,Sudan,2,Germany,48,New Zealand,43,Czech Republic,3,Germany,75,Germany,75,
,,,,,,,,Egypt,1,France,6,India,1,Nigeria,1,Israel,2,Israel,3,China,1,New Zealand,3,Democratic Republic of the Congo,1,Lebanon,33,Egypt,5,Venezuela,2,Iraq,3,Israel,5,France,10,Greece,12,Russia,32,Djibouti,1,Libya,5,Iraq,28,Turkey,60,Kuwait,19,Iran,11,Lebanon,33,United States,8,Iran,12,Turkey,62,Switzerland,3,Turkey,86,Russia,15,Australia,2,United Kingdom,26,Lebanon,94,United Kingdom,7,France,13,Libya,3,Qatar,1,United States,36,Egypt,12,France,5,Turkey,223,United States,50,United Kingdom,15,Iraq,79,Germany,5,Egypt,20,Israel,186,United States,16,Denmark,2,Sweden,7,United States,565,Venezuela,1,Norway,6,Norway,6,
,,,,,,,,Gaza Strip,1,Armenia,2,United States,3,Iraq,7,West Bank,1,Libya,3,Jordan,2,Libya,2,Iraq,3,Egypt,6,Somalia,2,United States,10,Russia,2,Russia,1,Tunisia,2,Iran,7,South Korea,2,Iraq,14,Iran,5,Kuwait,12,United States,22,Turkey,59,Italy,2,Northern Marchiana Islands,1,Israel,22,Russia,35,Canada,18,Greece,2,Canada,10,Cuba,2,Israel,82,Yemen,8,Jordan,88,Iraq,29,Turkey,63,Bulgaria,3,Germany,7,Libya,9,Iraq,47,Micronesia,1,Iraq,33,Canada,5,Sweden,1,Lebanon,187,Iraq,36,Iran,2,Tuvalu,1,Uruguay,3,Russia,1,Iran,7,United Kingdom,641,Somalia,2,Turkey,293,Turkey,293,
,,,,,,,,United States,1,Russia,1,United Kingdom,2,Saudi Arabia,3,United States,3,,,France,3,Tunisia,1,Afghanistan,1,China,1,Jordan,22,Iran,22,Libya,1,Qatar,3,Lebanon,105,Iraq,55,Morocco,5,Algeria,1,Israel,20,Cuba,2,Iraq,34,Tunisia,8,Libya,9,Russia,53,Lebanon,29,Israel,22,Bhutan,1,Spain,2,Israel,34,Israel,43,Afghanistan,3,Algeria,3,Afghanistan,4,Jordan,106,Afghanistan,1,Qatar,1,Iran,9,Turkey,44,Canada,13,United Arab Emirates,1,Canada,4,Malta,1,Estonia,2,Jordan,91,Lebanon,95,Belgium,1,Sweden,1,Sweden,3,West Bank,5,Canada,5,Jordan,327,Jordan,142,Jersey,10,Jersey,10,
,,,,,,,,,,United Arab Emirates,3,Germany,1,Gaza Strip,3,,,,,Thailand,2,,,Jordan,1,United States,23,United States,10,Canada,4,Greece,1,Yemen,1,United States,23,Germany,8,Libya,10,Niger,1,Kuwait,8,Israel,133,Lebanon,112,West Bank,3,Bulgaria,1,United States,5,China,4,Afghanistan,4,Iran,5,United Kingdom,8,Switzerland,15,Australia,7,Iraq,42,Libya,3,Turkey,66,Qatar,6,United States,21,Turkey,47,Egypt,7,Finland,1,Italy,6,Macedonia,1,France,35,Switzerland,3,Iraq,38,Turkey,100,Qatar,7,Saudi Arabia,2,Azerbaijan,3,Yemen,4,Yemen,2,United States,28,Thailand,1,Russia,55,Greece,48,Greece,48,
,,,,,,,,,,Switzerland,3,Iraq,3,Jordan,3,,,,,Iraq,2,,,,,Somalia,1,China,2,Jordan,51,Qatar,1,Saudi Arabia,4,Sweden,2,Russia,8,Iraq,88,United States,8,Tunisia,3,Qatar,1,United Arab Emirates,6,Jordan,95,Germany,6,Ukraine,6,Norway,1,United Kingdom,3,Israel,90,Israel,46,Russia,46,Egypt,64,Bulgaria,26,Egypt,34,Russia,1,Iran,6,United Kingdom,17,Russia,5,Central African Republic,1,Iraq,64,Sweden,4,Germany,1,Azerbaijan,1,West Bank,4,United States,32,Czech Republic,16,United Kingdom,15,China,3,Saudi Arabia,4,Israel,32,Israel,15,Greece,146,Poland,14,Afghanistan,16,Kuwait,6,Kuwait,6,
,,,,,,,,,,Germany,1,Russia,2,India,1,,,,,New Zealand,3,,,,,United Kingdom,5,Canada,1,West Bank,1,Cyprus,1,South Africa,2,Qatar,10,Australia,7,Israel,12,United Kingdom,2,Russia,32,Egypt,8,Sweden,7,Azerbaijan,9,Kenya,2,Turkey,24,Malaysia,2,Japan,3,Nepal,1,Iraq,169,United Kingdom,35,Rwanda,4,Egypt,72,Saudi Arabia,3,Italy,6,Switzerland,3,Egypt,8,Israel,19,Iraq,35,Israel,29,Congo,2,Qatar,1,United States,78,Israel,9,Saudi Arabia,3,Germany,4,Egypt,9,Macedonia,3,Morocco,1,Morocco,3,Uruguay,9,Serbia,14,Lebanon,468,Australia,51,United Kingdom,207,United Kingdom,207,
,,,,,,,,,,Afghanistan,8,,,Libya,4,,,,,Tunisia,1,,,,,Israel,2,Libya,4,China,2,Denmark,1,Afghanistan,2,Puerto Rico,1,Norway,1,United Kingdom,3,Czechoslovakia,1,France,7,Algeria,6,Iceland,1,France,1,Switzerland,5,Switzerland,1,Iraq,3,United States,13,Cyprus,1,Iran,4,Jordan,152,Turkey,39,Kuwait,11,Iraq,53,Libya,5,Sweden,1,Iraq,34,Kuwait,1,Saudi Arabia,5,West Bank,1,Ukraine,3,Rwanda,1,Germany,9,Armenia,1,France,2,Iran,2,Serbia,2,Italy,7,Netherlands,1,United Arab Emirates,1,Norway,1,Macedonia,45,Canada,566,Germany,105,Oceans,6,Oceans,6,
,,,,,,,,,,Croatia,1,,,,,,,,,,,,,,,Armenia,1,Netherlands,1,Russia,2,Kuwait,1,Namibia,1,Israel,18,United Kingdom,7,Cyprus,1,Luxembourg,1,Morocco,5,Tunisia,22,Slovenia,1,Mali,1,United States,22,United Arab Emirates,4,Saudi Arabia,1,Germany,7,Armenia,8,Russia,38,Italy,33,Armenia,9,Japan,2,Germany,11,Malta,3,New Zealand,20,Italy,2,Egypt,10,West Bank,5,Poland,1,Australia,1,United Kingdom,8,United Kingdom,6,United Kingdom,9,Libya,3,Somalia,1,Canada,2,Bulgaria,3,United Kingdom,14,Equatorial Guinea,1,Afghanistan,26,Pakistan,9,Austria,74,United Kingdom,173,Iraq,128,Iraq,128,
,,,,,,,,,,United Kingdom,2,,,,,,,,,,,,,,,Tunisia,1,Russia,3,Somalia,2,Sudan,2,Hungary,1,Cyprus,3,Saudi Arabia,15,Austria,1,Austria,1,Italy,1,China,4,Mauritania,7,Libya,3,United Kingdom,10,Canada,4,Algeria,14,Egypt,2,Puerto Rico,4,Morocco,4,Reunion,2,Austria,5,Libya,8,South Africa,1,Bulgaria,6,Armenia,1,Ukraine,2,Afghanistan,4,United States,14,Egypt,7,Sudan,3,Armenia,1,China,1,Libya,4,Kuwait,11,Greece,3,China,2,Cyprus,1,Gaza Strip,3,Sierra Leone,1,Brazil,2,France,1,Norway,32,Congo,2,Austria,15,Austria,15,
,,,,,,,,,,Bahrain,1,,,,,,,,,,,,,,,Iran,1,France,4,Australia,1,Gaza Strip,2,United Arab Emirates,1,North Korea,1,Israel,21,Bahrain,1,Greece,3,Qatar,4,Armenia,6,Mali,33,United States,9,Egypt,13,Israel,9,Chad,4,Bahrain,1,France,7,Gaza Strip,1,New Zealand,6,Ireland,2,Switzerland,2,Sweden,4,Qatar,8,France,1,United Arab Emirates,1,Spain,3,Armenia,3,China,11,Yemen,1,Turkmenistan,5,Russia,2,Germany,40,Spain,1,Chile,1,United States,161,United Arab Emirates,3,Japan,2,Norway,4,Egypt,4,Russia,7,Morocco,4,Eritrea,8,Lebanon,175,Lebanon,175,
,,,,,,,,,,Australia,1,,,,,,,,,,,,,,,,,Israel,14,Tunisia,2,France,1,Bahrain,2,United Kingdom,11,Morocco,5,France,3,Finland,1,Egypt,1,Denmark,2,Iran,3,Armenia,1,Japan,2,Georgia,2,Morocco,5,Libya,9,United Kingdom,8,Germany,5,West Bank,5,Switzerland,8,Russia,4,Kuwait,6,Iran,6,Russia,5,Hungary,4,Iraq,26,Belarus,1,United Arab Emirates,2,Saudi Arabia,1,Nigeria,2,Egypt,3,Montenegro,1,Netherlands,2,Canada,28,India,2,United States,26,United States,37,Libya,15,United Kingdom,12,Qatar,3,Australia,259,Ethiopia,2,Russia,21,Russia,21,
,,,,,,,,,,Malta,7,,,,,,,,,,,,,,,,,Armenia,1,Iraq,11,Tunisia,1,Kuwait,1,China,1,Kuwait,4,Sudan,1,Denmark,1,United Arab Emirates,2,Mali,6,Azerbaijan,2,Egypt,6,Georgia,3,Egypt,2,Western Sahara,1,Mali,2,Afghanistan,2,Brazil,2,Bulgaria,51,Kuwait,12,Saudi Arabia,3,United States,25,Somalia,1,Greece,2,Yemen,1,Thailand,1,Russia,4,United Kingdom,10,Oman,1,Bahrain,1,Sweden,3,Kuwait,4,Norway,4,Philippines,2,Australia,3,Germany,8,Italy,5,Italy,4,Kuwait,10,Oman,1,Italy,42,Canada,135,Malta,4,Malta,4,
,,,,,,,,,,United States,9,,,,,,,,,,,,,,,,,Saudi Arabia,2,Northern Marchiana Islands,1,,,,,Egypt,7,West Bank,2,Italy,7,Saudi Arabia,8,United Kingdom,9,Venezuela,1,Kuwait,13,China,1,Philippines,1,North Korea,1,Indonesia,2,Ireland,2,Algeria,7,Angola,1,Nigeria,1,Mauritania,2,Cuba,2,Italy,13,Northern Marchiana Islands,1,Finland,2,Canada,1,Pakistan,4,Kuwait,2,Cyprus,1,Switzerland,6,Austria,1,Afghanistan,2,Egypt,11,Turkmenistan,1,Israel,24,Denmark,2,Switzerland,6,Ireland,4,Canada,1,Belgium,3,Israel,50,Senegal,1,Norway,8,Israel,46,Israel,46,
,,,,,,,,,,Iran,2,,,,,,,,,,,,,,,,,Italy,2,United Kingdom,2,,,,,Norway,1,Qatar,1,Kuwait,2,Italy,4,Saudi Arabia,3,Afghanistan,1,Qatar,5,Democratic Republic of the Congo,2,Canada,12,Saudi Arabia,1,United Kingdom,5,Northern Marchiana Islands,1,Sudan,2,Libya,7,Denmark,3,France,40,Germany,8,Gaza Strip,4,Germany,5,Italy,2,Denmark,1,Armenia,4,China,1,Italy,7,Russia,1,Kuwait,3,Greece,5,Uruguay,15,Uruguay,1,Pakistan,9,Bahrain,1,Qatar,2,West Bank,9,Luxembourg,1,Eritrea,3,Kuwait,4,Saudi Arabia,47,Israel,45,Haiti,2,Haiti,2,
,,,,,,,,,,Egypt,2,,,,,,,,,,,,,,,,,Yemen,2,Israel,2,,,,,Chile,1,France,19,Afghanistan,7,Israel,6,Switzerland,3,France,9,Libya,10,Ecuador,1,Russia,58,France,4,Germany,3,Canada,2,Yemen,2,China,6,Philippines,1,United Kingdom,19,Tajikistan,1,Iran,7,United States,18,Estonia,1,Switzerland,2,Sweden,4,Sweden,3,Germany,15,Armenia,1,Iran,4,India,1,Italy,6,Mali,2,West Bank,25,Pakistan,1,Israel,40,Yemen,8,Denmark,3,Switzerland,1,Afghanistan,8,Israel,178,Italy,15,United Arab Emirates,5,United Arab Emirates,5,
,,,,,,,,,,Somalia,4,,,,,,,,,,,,,,,,,Kuwait,1,United Arab Emirates,1,,,,,United Arab Emirates,6,Italy,5,Venezuela,1,Somalia,2,Somalia,7,Ethiopia,3,United Kingdom,7,Colombia,1,Greece,1,Somalia,14,Canada,2,Congo,1,Egypt,45,Brunei,1,France,14,India,1,Czech Republic,2,Israel,29,Cuba,1,Japan,1,Saudi Arabia,4,Canada,9,Denmark,1,Belgium,2,Myanmar,3,Uruguay,4,Armenia,1,Netherlands,2,South Sudan,2,France,3,Greece,5,France,1,Iran,3,Egypt,5,Italy,7,Philippines,2,Oceans,11,New Zealand,2,Somalia,6,Somalia,6,
,,,,,,,,,,Cambodia,4,,,,,,,,,,,,,,,,,Czech Republic,1,,,,,,,Belgium,5,Micronesia,1,China,5,West Bank,1,United States,9,Iran,19,Pakistan,8,Ethiopia,1,China,1,Iran,6,Greece,1,Australia,6,,1,France,1,Belgium,3,Saudi Arabia,2,Sweden,2,India,1,Democratic Republic of the Congo,1,Kuwait,1,Congo,1,Italy,2,Norway,3,Sudan,1,United Arab Emirates,2,Myanmar,1,Cambodia,1,Luxembourg,5,West Bank,2,Afghanistan,4,France,1,Nicaragua,6,Pakistan,6,Afghanistan,1,Canada,3,Hungary,22,Yemen,17,Spain,10,Saudi Arabia,14,Saudi Arabia,14,
,,,,,,,,,,India,2,,,,,,,,,,,,,,,,,,,,,,,,,Iran,1,Canada,6,Japan,1,Chile,3,Vietnam, Democratic Republic of,Gaza Strip,2,Afghanistan,7,Pakistan,1,Saudi Arabia,1,Afghanistan,1,Azerbaijan,12,Somalia,1,Ireland,3,Northern Marchiana Islands,1,Germany,59,Iraq,24,Pakistan,2,France,4,Canada,4,Saudi Arabia,6,Finland,2,Oman,1,Uganda,1,Denmark,1,Norway,1,Canada,1,Iran,1,Greece,4,Greece,41,Norway,2,Saudi Arabia,3,Greece,2,Spain,3,Kuwait,6,Greece,10,Libya,11,Afghanistan,27,Tanzania,1,Hungary,15,Hungary,15,
,,,,,,,,,,Canada,3,,,,,,,,,,,,,,,,,,,,,,,,,West Bank,1,South Africa,1,Brazil,1,Kuwait,6,Finland,1,Libya,4,West Bank,3,Morocco,2,France,1,Gaza Strip,1,,10,Netherlands,1,Malaysia,1,Gibraltar,1,United Arab Emirates,2,Japan,1,Italy,4,Greece,13,Switzerland,21,Egypt,8,Norway,2,Malta,1,Belgium,1,Canada,28,France,1,Egypt,1,Philippines,1,Nigeria,2,Central African Republic,2,India,3,Cuba,2,Gaza Strip,3,Sudan,1,Ireland,4,Rwanda,2,Yemen,3,Kenya,4,Kuwait,13,Sweden,7,Sweden,7,
,,,,,,,,,,Greece,1,,,,,,,,,,,,,,,,,,,,,,,,,Germany,4,Ecuador,2,Saudi Arabia,3,Libya,1,Algeria,2,Ecuador,1,Russia,14,Georgia,2,Northern Marchiana Islands,2,Eritrea,2,South Korea,4,Norway,1,Qatar,3,Canada,7,Sweden,36,Italy,27,Iran,9,Bulgaria,17,Netherlands,1,India,1,Kuwait,2,Australia,2,United Kingdom,2,Uruguay,1,Azerbaijan,1,Sweden,2,Oceans,3,Malaysia,1,Australia,1,Qatar,6,Yemen,3,Ukraine,3,Uruguay,3,Cuba,1,Hungary,2,China,22,Ireland,26,Cuba,3,Italy,20,Italy,20,
,,,,,,,,,,West Bank,2,,,,,,,,,,,,,,,,,,,,,,,,,Turkmenistan,7,Bosnia-Herzegovina,2,Somalia,7,Egypt,13,Northern Marchiana Islands,1,Pakistan,5,France,29,Algeria,5,Spain,2,Germany,4,North Korea,1,United Arab Emirates,2,Gaza Strip,1,United Arab Emirates,3,Egypt,39,Germany,13,West Bank,6,Equatorial Guinea,7,Japan,4,China,2,Morocco,1,Germany,2,Switzerland,5,Luxembourg,2,Pakistan,1,Bulgaria,7,Cyprus,29,Argentina,1,Bulgaria,6,Kuwait,8,Uruguay,1,Belarus,1,South Korea,1,Germany,23,Pakistan,1,Oceans,2,France,88,Malta,2,Bolivia,1,Bolivia,1,
,,,,,,,,,,Sri Lanka,1,,,,,,,,,,,,,,,,,,,,,,,,,Romania,2,Japan,5,Egypt,5,Thailand,1,Georgia,2,Saudi Arabia,2,Italy,1,Djibouti,1,Senegal,1,,,Japan,1,Ethiopia,1,United Arab Emirates,3,Italy,13,Iceland,4,Lithuania,1,New Zealand,1,Guinea-Bissau,4,Egypt,12,Libya,5,Germany,8,Brazil,1,Indonesia,3,Pakistan,2,United Kingdom,1,Malta,1,Libya,3,Pakistan,1,Canada,12,Bahamas,1,Zimbabwe,2,Australia,4,United Arab Emirates,4,,1,Nepal,3,Japan,4,Iraq,201,Honduras,1,Czechoslovakia,2,Czechoslovakia,2,
,,,,,,,,,,Italy,1,,,,,,,,,,,,,,,,,,,,,,,,,Algeria,3,Somalia,1,Greece,2,Armenia,2,Bahrain,2,Switzerland,7,Oman,1,Kosovo,1,Tunisia,10,,,Gaza Strip,4,China,1,Australia,3,Sudan,1,Lithuania,1,Sweden,3,Algeria,2,West Bank,5,Saudi Arabia,7,Turkmenistan,1,Qatar,3,Austria,3,Papua New Guinea,1,Armenia,1,Afghanistan,4,West Bank,1,Italy,5,Iran,3,Italy,14,Thailand,1,Rwanda,1,Norway,4,Canada,2,Oceans,1,Germany,13,New Zealand,1,Sudan,6,Albania,2,Armenia,15,Armenia,15,
,,,,,,,,,,,,,,,,,,,,,,,,,,,,,,,,,,,,Russia,2,Algeria,1,Mali,1,,2,Afghanistan,1,Norway,1,Canada,3,Afghanistan,27,Afghanistan,6,,,Somalia,6,Sudan,1,Lithuania,2,Ireland,4,Afghanistan,1,Canada,5,Puerto Rico,3,Sudan,2,Micronesia,1,Haiti,1,Cyprus,5,Bhutan,1,Afghanistan,1,Ireland,1,Malaysia,1,India,1,Malta,3,Northern Mariana Islands,1,Cyprus,4,United Arab Emirates,4,Haiti,1,Portugal,1,Belgium,4,Kenya,2,Ukraine,1,Malta,2,Libya,15,Malaysia,20,Iran,20,Iran,20,
,,,,,,,,,,,,,,,,,,,,,,,,,,,,,,,,,,,,Sudan,1,China,3,Burkina Faso,1,China,2,Oman,1,West Bank,4,Bahrain,2,Eritrea,2,Sweden,1,,,Niger,4,Saudi Arabia,1,Libya,8,South Korea,3,Ireland,3,Greece,1,Morocco,4,Malta,4,France,5,Denmark,2,Iran,1,Northern Marchiana Islands,1,Chile,1,France,3,Vietnam, Democratic Republic of,Brazil,1,Netherlands,1,South Sudan,1,Peru,1,Switzerland,1,Armenia,2,Sweden,3,Kosovo,2,Somalia,1,Iran,2,Ethiopia,1,Egypt,65,Hungary,17,Serbia,4,Serbia,4,
,,,,,,,,,,,,,,,,,,,,,,,,,,,,,,,,,,,,Greece,6,Tunisia,4,New Zealand,4,Iran,7,Germany,2,Greece,2,Democratic Republic of the Congo,1,Netherlands,2,West Bank,3,,,Georgia,4,Switzerland,1,Azerbaijan,1,Denmark,2,Libya,13,Afghanistan,1,Oceans,1,Haiti,2,New Zealand,3,Kosovo,1,Libya,4,Kenya,1,Ukraine,3,Kuwait,12,Germany,3,Ireland,12,Ireland,2,Norway,1,Ireland,1,Russia,2,Libya,1,Central African Republic,1,Albania,4,France,4,Saudi Arabia,1,Italy,6,Belgium,33,Oceans,6,Afghanistan,19,Afghanistan,19,
,,,,,,,,,,,,,,,,,,,,,,,,,,,,,,,,,,,,Auguest 2012,,India,2,Switzerland,3,Germany,7,,,Georgia,2,Haiti,2,United Arab Emirates,1,United Arab Emirates,6,,,Armenia,1,Oceans,6,Japan,6,Malta,2,Iran,11,Azerbaijan,1,Armenia,2,Central African Republic,1,Oman,1,Pakistan,7,Sweden,7,Somalia,2,Uruguay,1,Norway,6,Hong Kong,1,Pakistan,1,Japan,2,Thailand,1,Mexico,2,Saudi Arabia,1,Afghanistan,1,Austria,1,Monaco,2,Qatar,3,Libya,3,United Kingdom,12,Czech Republic,24,Pakistan,3,Sudan,7,Sudan,7,
,,,,,,,,,,,,,,,,,,,,,,,,,,,,,,,,,,,,Syria,969,Ireland,2,Spain,1,Bulgaria,1,,,Belgium,4,Armenia,2,Switzerland,2,Hungary,3,,,Kuwait,1,Sweden,1,Rwanda,2,Serbia,2,Kosovo,1,Tunisia,6,Gaza Strip,1,Spain,3,Poland,2,Malaysia,2,Russia,7,United Kingdom,1,Argentina,2,Switzerland,3,Libya,5,South Sudan,1,Spain,1,Qatar,1,Oceans,12,China,2,Nicaragua,1,Uganda,1,Burkina Faso,2,Malaysia,3,Nigeria,1,Switzerland,3,West Bank,9,Qatar,5,Seychelles,1,Seychelles,1,
,,,,,,,,,,,,,,,,,,,,,,,,,,,,,,,,,,,,Bulgaria,1,Yemen,1,Djibouti,1,Japan,1,,,Cyprus,1,Saudi Arabia,1,Italy,3,Sudan,1,,,,,,,Morocco,2,Somalia,14,Taiwan,1,Oceans,1,Nigeria,2,Ireland,1,Finland,2,Singapore,2,Georgia,1,Puerto Rico,1,Italy,3,Australia,1,Japan,4,,,South Korea,2,Taiwan,1,Haiti,2,Libya,1,Central African Republic,2,Ireland,3,Qatar,3,Iran,2,Poland,1,Saudi Arabia,1,Eritrea,7,Sweden,12,Ireland,12,Ireland,12,
,,,,,,,,,,,,,,,,,,,,,,,,,,,,,,,,,,,,Lebanon,102,Pakistan,1,Gaza Strip,2,France,3,,,Vatican City,1,Gaza Strip,1,United Kingdom,3,Morocco,7,,,,,,,Tunisia,1,Saudi Arabia,1,Qatar,2,Malta,3,Colombia,1,Russia,2,Malaysia,1,United Arab Emirates,1,Bosnia-Herzegovina,1,France,3,Somalia,2,Turkmenistan,2,Kuwait,2,,,Switzerland,3,Afghanistan,1,Russia,1,Australia,1,Russia,3,Brazil,1,Greece,12,Azerbaijan,4,China,1,Bulgaria,5,Russia,54,Belgium,18,Cuba,7,Cuba,7,
,,,,,,,,,,,,,,,,,,,,,,,,,,,,,,,,,,,,Jordan,229,United Arab Emirates,1,,,Morocco,1,,,Bahrain,1,Cyprus,1,Uzbekistan,3,Algeria,9,,,,,,,Switzerland,2,Armenia,3,Spain,2,Mexico,1,Bahrain,1,United Arab Emirates,5,Czech Republic,1,Australia,5,Armenia,2,Philippines,2,Canada,6,Afghanistan,1,Iran,1,,,United Arab Emirates,3,Rwanda,1,South Africa,1,Turkmenistan,1,Sweden,1,Taiwan,1,Australia,2,South Sudan,1,Qatar,1,Ireland,6,Macedonia,24,Mexico,5,Australia,32,Australia,32,
,,,,,,,,,,,,,,,,,,,,,,,,,,,,,,,,,,,,United States,29,,,,,Australia,1,,,Canada,1,Brazil,1,Hungary,3,Mauritania,2,,,,,,,Greece,5,Azerbaijan,1,Kuwait,2,Gaza Strip,3,Somalia,1,Australia,1,Sweden,4,Germany,1,Japan,2,Iran,11,Libya,5,Sweden,6,China,2,,,,,United Arab Emirates,1,Luxembourg,1,Japan,5,Cyprus,2,Canada,3,Norway,5,China,4,South Africa,1,Austria,7,Brazil,18,Bhutan,1,Libya,5,Libya,5,
,,,,,,,,,,,,,,,,,,,,,,,,,,,,,,,,,,,,Bahrain,4,,,,,Chad,1,,,,,,,,,Western Sahara,3,,,,,,,Poland,4,Bulgaria,1,China,1,Yemen,4,Qatar,6,Morocco,1,South Africa,2,Afghanistan,2,Bangladesh,1,Czech Republic,1,United Arab Emirates,1,Somalia,1,India,1,,,,,Gaza Strip,1,Ukraine,1,Ecuador,3,,,Tunisia,4,Cyprus,1,South Korea,8,Sweden,6,Australia,1,Sweden,39,Kenya,1,Slovenia,1,Slovenia,1,
,,,,,,,,,,,,,,,,,,,,,,,,,,,,,,,,,,,,Turkey,197,,,,,,,,,,,,,,,Luxembourg,2,,,,,,,Brazil,1,,,Belarus,9,West Bank,5,Burundi,1,Armenia,3,Algeria,10,,,,,Netherlands,3,Morocco,2,Malta,1,Spain,1,,,,,Algeria,1,,,Netherlands,2,,,Yemen,1,Germany,6,Macedonia,1,Vatican City,1,,2,Netherlands,6,Libya,5,Iceland,1,Iceland,1,
,,,,,,,,,,,,,,,,,,,,,,,,,,,,,,,,,,,,Greece,12,,,,,,,,,,,,,,,,,,,,,,,Somalia,1,,,Somalia,10,United Arab Emirates,5,Congo,2,China,1,West Bank,1,,,,,,,Malaysia,1,Russia,3,Bulgaria,1,,,,,Sweden,1,,,Congo,1,,,Japan,13,Philippines,2,Saudi Arabia,1,Peru,1,Albania,1,Uganda,1,Argentina,1,South Africa,1,South Africa,1,
,,,,,,,,,,,,,,,,,,,,,,,,,,,,,,,,,,,,Iran,7,,,,,,,,,,,,,,,,,,,,,,,Czech Republic,1,,,Australia,4,South Africa,1,Yemen,1,Ukraine,1,Uganda,1,,,,,,,,,Mauritania,1,Netherlands,2,,,,,,,,,Armenia,1,,,Armenia,3,Armenia,3,Poland,1,Indonesia,4,Indonesia,3,Estonia,3,Dominican Republic,1,Macedonia,3,Macedonia,3,
,,,,,,,,,,,,,,,,,,,,,,,,,,,,,,,,,,,,Iraq,55,,,,,,,,,,,,,,,,,,,,,,,,,,,Algeria,4,Somalia,1,,,,,Norway,1,,,,,,,,,Bulgaria,2,,,,,,,,,,,Malaysia,1,,,Oceans,1,Bulgaria,2,Brazil,7,Armenia,1,Eritrea,1,Belarus,3,Vietnam,12,Netherlands,6,Netherlands,6,
,,,,,,,,,,,,,,,,,,,,,,,,,,,,,,,,,,,,Germany,8,,,,,,,,,,,,,,,,,,,,,,,,,,,Netherlands,1,Pakistan,2,,,,,Spain,1,,,,,,,,,Brazil,1,,,,,,,,,,,Bulgaria,1,,,Pakistan,1,Indonesia,1,Finland,1,France,1,Burundi,3,Iran,34,Romania,1,Vietnam, Democratic Republic of,Vietnam, Democratic Republic of,16
,,,,,,,,,,,,,,,,,,,,,,,,,,,,,,,,,,,,Russia,8,,,,,,,,,,,,,,,,,,,,,,,,,,,Brazil,3,Burkina Faso,1,,,,,Morocco,2,,,,,,,,,Netherlands,1,,,,,,,,,,,South Sudan,1,,,Bangladesh,1,Macedonia,1,Eritrea,2,,,Iceland,1,Spain,33,Egypt,6,Japan,8,Japan,8,
,,,,,,,,,,,,,,,,,,,,,,,,,,,,,,,,,,,,Australia,7,,,,,,,,,,,,,,,,,,,,,,,,,,,Romania,2,Congo,2,,,,,Gaza Strip,2,,,,,,,,,Auguest 2014,,,,,,,,,,,,Luxembourg,1,,,Morocco,1,Malta,9,Hungary,1,,,Antigua and Barbuda,4,Serbia,33,Bulgaria,4,Pakistan,13,Pakistan,13,
,,,,,,,,,,,,,,,,,,,,,,,,,,,,,,,,,,,,Norway,1,,,,,,,,,,,,,,,,,,,,,,,,,,,India,3,Ethiopia,2,,,,,Puerto Rico,1,,,,,,,,,Syria,782,,,,,,,,,,,Spain,2,,,Uruguay,2,New Zealand,2,Spain,1,,,Norway,3,Qatar,14,Nigeria,2,Egypt,12,Egypt,12,
,,,,,,,,,,,,,,,,,,,,,,,,,,,,,,,,,,,,United Kingdom,7,,,,,,,,,,,,,,,,,,,,,,,,,,,Pakistan,1,Tanzania,2,,,,,,,,,,,,,,,United States,41,,,,,,,,,,,,,,,Afghanistan,8,Switzerland,1,,,,,,,Portugal,3,France,18,Bulgaria,5,Bulgaria,5,
,,,,,,,,,,,,,,,,,,,,,,,,,,,,,,,,,,,,Saudi Arabia,15,,,,,,,,,,,,,,,,,,,,,,,,,,,Trinidad and Tobago,1,China,6,,,,,,,,,,,,,,,Lebanon,202,,,,,,,,,,,,,,,Mexico,2,China,1,,,,,,,Croatia,17,Chile,1,Guam,1,Guam,1,
,,,,,,,,,,,,,,,,,,,,,,,,,,,,,,,,,,,,Israel,21,,,,,,,,,,,,,,,,,,,,,,,,,,,Venezuela,2,Hong Kong,1,,,,,,,,,,,,,,,Jordan,48,,,,,,,,,,,,,,,Eritrea,2,South Sudan,1,,,,,,,Niger,1,China,6,Philippines,5,Philippines,5,
,,,,,,,,,,,,,,,,,,,,,,,,,,,,,,,,,,,,Morocco,5,,,,,,,,,,,,,,,,,,,,,,,,,,,Azerbaijan,4,Belgium,1,,,,,,,,,,,,,,,Turkey,94,,,,,,,,,,,,,,,Denmark,3,Nepal,1,,,,,,,Vietnam,4,Japan,4,Portugal,2,Portugal,2,
,,,,,,,,,,,,,,,,,,,,,,,,,,,,,,,,,,,,Kuwait,4,,,,,,,,,,,,,,,,,,,,,,,,,,,Saint Lucia,2,Norway,1,,,,,,,,,,,,,,,Iraq,111,,,,,,,,,,,,,,,Netherlands,9,France,3,,,,,,,United Arab Emirates,29,Serbia,3,Liberia,2,Liberia,2,
,,,,,,,,,,,,,,,,,,,,,,,,,,,,,,,,,,,,West Bank,2,,,,,,,,,,,,,,,,,,,,,,,,,,,Saint Vincent and the Grenadines,1,Qatar,2,,,,,,,,,,,,,,,Israel,24,,,,,,,,,,,,,,,Nepal,1,Sierra Leone,3,,,,,,,Switzerland,29,Iceland,3,Czech Republic,3,Czech Republic,3,
,,,,,,,,,,,,,,,,,,,,,,,,,,,,,,,,,,,,Qatar,1,,,,,,,,,,,,,,,,,,,,,,,,,,,Georgia,4,,,,,,,,,,,,,,,,,France,5,,,,,,,,,,,,,,,,,Libya,1,,,,,,,Argentina,9,Croatia,8,Lithuania,1,Lithuania,1,
,,,,,,,,,,,,,,,,,,,,,,,,,,,,,,,,,,,,France,19,,,,,,,,,,,,,,,,,,,,,,,,,,,Finland,3,,,,,,,,,,,,,,,,,Micronesia,1,,,,,,,,,,,,,,,,,Senegal,2,,,,,,,Kuwait,24,Macedonia,2,Nigeria,1,Nigeria,1,
,,,,,,,,,,,,,,,,,,,,,,,,,,,,,,,,,,,,Italy,5,,,,,,,,,,,,,,,,,,,,,,,,,,,Japan,1,,,,,,,,,,,,,,,,,United Arab Emirates,1,,,,,,,,,,,,,,,,,Burundi,2,,,,,,,Uruguay,49,Saudi Arabia,5,India,3,India,3,
,,,,,,,,,,,,,,,,,,,,,,,,,,,,,,,,,,,,Micronesia,1,,,,,,,,,,,,,,,,,,,,,,,,,,,Congo,1,,,,,,,,,,,,,,,,,Macedonia,1,,,,,,,,,,,,,,,,,,,,,,,,,China,27,Luxembourg,1,Estonia,2,Estonia,2,
,,,,,,,,,,,,,,,,,,,,,,,,,,,,,,,,,,,,Canada,6,,,,,,,,,,,,,,,,,,,,,,,,,,,Sri Lanka,1,,,,,,,,,,,,,,,,,Germany,1,,,,,,,,,,,,,,,,,,,,,,,,,Congo,3,Netherlands,6,Switzerland,9,Switzerland,9,
,,,,,,,,,,,,,,,,,,,,,,,,,,,,,,,,,,,,South Africa,1,,,,,,,,,,,,,,,,,,,,,,,,,,,Micronesia,1,,,,,,,,,,,,,,,,,Qatar,1,,,,,,,,,,,,,,,,,,,,,,,,,Armenia,9,Denmark,6,Brunei,1,Brunei,1,
,,,,,,,,,,,,,,,,,,,,,,,,,,,,,,,,,,,,Ecuador,2,,,,,,,,,,,,,,,,,,,,,,,,,,,Armenia,1,,,,,,,,,,,,,,,,,Rwanda,1,,,,,,,,,,,,,,,,,,,,,,,,,Finland,6,Colombia,3,Poland,1,Poland,1,
,,,,,,,,,,,,,,,,,,,,,,,,,,,,,,,,,,,,Bosnia-Herzegovina,2,,,,,,,,,,,,,,,,,,,,,,,,,,,,,,,,,,,,,,,,,,,,,United Kingdom,8,,,,,,,,,,,,,,,,,,,,,,,,,Cyprus,18,Uruguay,3,Cyprus,5,Cyprus,5,
,,,,,,,,,,,,,,,,,,,,,,,,,,,,,,,,,,,,Japan,5,,,,,,,,,,,,,,,,,,,,,,,,,,,,,,,,,,,,,,,,,,,,,Armenia,1,,,,,,,,,,,,,,,,,,,,,,,,,Chile,8,Ireland,2,Malaysia,7,Malaysia,7,
,,,,,,,,,,,,,,,,,,,,,,,,,,,,,,,,,,,,Somalia,1,,,,,,,,,,,,,,,,,,,,,,,,,,,,,,,,,,,,,,,,,,,,,Turkmenistan,5,,,,,,,,,,,,,,,,,,,,,,,,,Luxembourg,9,South Africa,8,Congo,5,Congo,5,
,,,,,,,,,,,,,,,,,,,,,,,,,,,,,,,,,,,,Algeria,1,,,,,,,,,,,,,,,,,,,,,,,,,,,,,,,,,,,,,,,,,,,,,Nigeria,2,,,,,,,,,,,,,,,,,,,,,,,,,Pakistan,7,Latvia,1,Spain,2,Spain,2,
,,,,,,,,,,,,,,,,,,,,,,,,,,,,,,,,,,,,China,3,,,,,,,,,,,,,,,,,,,,,,,,,,,,,,,,,,,,,,,,,,,,,Bahrain,1,,,,,,,,,,,,,,,,,,,,,,,,,Kosovo,9,Estonia,2,Nepal,1,Nepal,1,
,,,,,,,,,,,,,,,,,,,,,,,,,,,,,,,,,,,,Tunisia,4,,,,,,,,,,,,,,,,,,,,,,,,,,,,,,,,,,,,,,,,,,,,,Austria,1,,,,,,,,,,,,,,,,,,,,,,,,,Nicaragua,1,Armenia,7,Chad,2,Chad,2,
,,,,,,,,,,,,,,,,,,,,,,,,,,,,,,,,,,,,India,2,,,,,,,,,,,,,,,,,,,,,,,,,,,,,,,,,,,,,,,,,,,,,Kuwait,3,,,,,,,,,,,,,,,,,,,,,,,,,North Korea,6,Austria,7,Mali,1,Mali,1,
,,,,,,,,,,,,,,,,,,,,,,,,,,,,,,,,,,,,Ireland,2,,,,,,,,,,,,,,,,,,,,,,,,,,,,,,,,,,,,,,,,,,,,,Iran,4,,,,,,,,,,,,,,,,,,,,,,,,,South Korea,5,Hong Kong,2,Kosovo,29,Kosovo,29,
,,,,,,,,,,,,,,,,,,,,,,,,,,,,,,,,,,,,Yemen,1,,,,,,,,,,,,,,,,,,,,,,,,,,,,,,,,,,,,,,,,,,,,,Uruguay,4,,,,,,,,,,,,,,,,,,,,,,,,,India,7,Namibia,2,Uganda,6,Uganda,6,
,,,,,,,,,,,,,,,,,,,,,,,,,,,,,,,,,,,,Pakistan,1,,,,,,,,,,,,,,,,,,,,,,,,,,,,,,,,,,,,,,,,,,,,,Myanmar,1,,,,,,,,,,,,,,,,,,,,,,,,,Venezuela,9,Iran,8,Croatia,3,Croatia,3,
,,,,,,,,,,,,,,,,,,,,,,,,,,,,,,,,,,,,United Arab Emirates,1,,,,,,,,,,,,,,,,,,,,,,,,,,,,,,,,,,,,,,,,,,,,,Canada,1,,,,,,,,,,,,,,,,,,,,,,,,,Tunisia,3,Sudan,5,Belgium,11,Belgium,11,
,,,,,,,,,,,,,,,,,,,,,,,,,,,,,,,,,,,,,,,,,,,,,,,,,,,,,,,,,,,,,,,,,,,,,,,,,,,,,,,,,,Egypt,1,,,,,,,,,,,,,,,,,,,,,,,,,Algeria,2,Portugal,1,Bahrain,4,Bahrain,4,
,,,,,,,,,,,,,,,,,,,,,,,,,,,,,,,,,,,,,,,,,,,,,,,,,,,,,,,,,,,,,,,,,,,,,,,,,,,,,,,,,,Sweden,2,,,,,,,,,,,,,,,,,,,,,,,,,Denmark,18,Switzerland,5,Eritrea,2,Eritrea,2,
,,,,,,,,,,,,,,,,,,,,,,,,,,,,,,,,,,,,,,,,,,,,,,,,,,,,,,,,,,,,,,,,,,,,,,,,,,,,,,,,,,Bulgaria,7,,,,,,,,,,,,,,,,,,,,,,,,,Malta,7,United Arab Emirates,11,New Zealand,3,New Zealand,3,
,,,,,,,,,,,,,,,,,,,,,,,,,,,,,,,,,,,,,,,,,,,,,,,,,,,,,,,,,,,,,,,,,,,,,,,,,,,,,,,,,,Malta,1,,,,,,,,,,,,,,,,,,,,,,,,,Philippines,10,Finland,1,Uzbekistan,1,Uzbekistan,1,
,,,,,,,,,,,,,,,,,,,,,,,,,,,,,,,,,,,,,,,,,,,,,,,,,,,,,,,,,,,,,,,,,,,,,,,,,,,,,,,,,,West Bank,1,,,,,,,,,,,,,,,,,,,,,,,,,Ukraine,10,Slovenia,6,Guyana,1,Guyana,1,
,,,,,,,,,,,,,,,,,,,,,,,,,,,,,,,,,,,,,,,,,,,,,,,,,,,,,,,,,,,,,,,,,,,,,,,,,,,,,,,,,,India,1,,,,,,,,,,,,,,,,,,,,,,,,,Czechoslovakia,10,India,1,Ethiopia,5,Ethiopia,5,
,,,,,,,,,,,,,,,,,,,,,,,,,,,,,,,,,,,,,,,,,,,,,,,,,,,,,,,,,,,,,,,,,,,,,,,,,,,,,,,,,,Brazil,1,,,,,,,,,,,,,,,,,,,,,,,,,,2,Poland,6,Kenya,1,Kenya,1,
,,,,,,,,,,,,,,,,,,,,,,,,,,,,,,,,,,,,,,,,,,,,,,,,,,,,,,,,,,,,,,,,,,,,,,,,,,,,,,,,,,Ireland,12,,,,,,,,,,,,,,,,,,,,,,,,,Jersey,4,Kosovo,2,China,3,China,3,
,,,,,,,,,,,,,,,,,,,,,,,,,,,,,,,,,,,,,,,,,,,,,,,,,,,,,,,,,,,,,,,,,,,,,,,,,,,,,,,,,,Pakistan,1,,,,,,,,,,,,,,,,,,,,,,,,,Papua New Guinea,12,Brazil,2,Luxembourg,1,Luxembourg,1,
,,,,,,,,,,,,,,,,,,,,,,,,,,,,,,,,,,,,,,,,,,,,,,,,,,,,,,,,,,,,,,,,,,,,,,,,,,,,,,,,,,South Sudan,1,,,,,,,,,,,,,,,,,,,,,,,,,Japan,14,Yemen,2,Thailand,1,Thailand,1,
,,,,,,,,,,,,,,,,,,,,,,,,,,,,,,,,,,,,,,,,,,,,,,,,,,,,,,,,,,,,,,,,,,,,,,,,,,,,,,,,,,,,,,,,,,,,,,,,,,,,,,,,,,,,Nauru,11,Ukraine,1,Qatar,2,Qatar,2,
,,,,,,,,,,,,,,,,,,,,,,,,,,,,,,,,,,,,,,,,,,,,,,,,,,,,,,,,,,,,,,,,,,,,,,,,,,,,,,,,,,,,,,,,,,,,,,,,,,,,,,,,,,,,Albania,2,,,Bangladesh,4,Bangladesh,4,
,,,,,,,,,,,,,,,,,,,,,,,,,,,,,,,,,,,,,,,,,,,,,,,,,,,,,,,,,,,,,,,,,,,,,,,,,,,,,,,,,,,,,,,,,,,,,,,,,,,,,,,,,,,,Bulgaria,15,,,Sri Lanka,1,Sri Lanka,1,
,,,,,,,,,,,,,,,,,,,,,,,,,,,,,,,,,,,,,,,,,,,,,,,,,,,,,,,,,,,,,,,,,,,,,,,,,,,,,,,,,,,,,,,,,,,,,,,,,,,,,,,,,,,,Burundi,3,,,Ghana,1,Ghana,1,
,,,,,,,,,,,,,,,,,,,,,,,,,,,,,,,,,,,,,,,,,,,,,,,,,,,,,,,,,,,,,,,,,,,,,,,,,,,,,,,,,,,,,,,,,,,,,,,,,,,,,,,,,,,,Montenegro,3,,,Myanmar,2,Myanmar,2,
,,,,,,,,,,,,,,,,,,,,,,,,,,,,,,,,,,,,,,,,,,,,,,,,,,,,,,,,,,,,,,,,,,,,,,,,,,,,,,,,,,,,,,,,,,,,,,,,,,,,,,,,,,,,Cambodia,2,,,Puerto Rico,1,Puerto Rico,1,
,,,,,,,,,,,,,,,,,,,,,,,,,,,,,,,,,,,,,,,,,,,,,,,,,,,,,,,,,,,,,,,,,,,,,,,,,,,,,,,,,,,,,,,,,,,,,,,,,,,,,,,,,,,,Colombia,1,,,Sierra Leone,1,Sierra Leone,1,
,,,,,,,,,,,,,,,,,,,,,,,,,,,,,,,,,,,,,,,,,,,,,,,,,,,,,,,,,,,,,,,,,,,,,,,,,,,,,,,,,,,,,,,,,,,,,,,,,,,,,,,,,,,,Somalia,5,,,Yemen,1,Yemen,1,
,,,,,,,,,,,,,,,,,,,,,,,,,,,,,,,,,,,,,,,,,,,,,,,,,,,,,,,,,,,,,,,,,,,,,,,,,,,,,,,,,,,,,,,,,,,,,,,,,,,,,,,,,,,,Tanzania,2,,,Ukraine,2,Ukraine,2,
,,,,,,,,,,,,,,,,,,,,,,,,,,,,,,,,,,,,,,,,,,,,,,,,,,,,,,,,,,,,,,,,,,,,,,,,,,,,,,,,,,,,,,,,,,,,,,,,,,,,,,,,,,,,Mexico,14,,,Azerbaijan,1,Azerbaijan,1,
,,,,,,,,,,,,,,,,,,,,,,,,,,,,,,,,,,,,,,,,,,,,,,,,,,,,,,,,,,,,,,,,,,,,,,,,,,,,,,,,,,,,,,,,,,,,,,,,,,,,,,,,,,,,Haiti,3,,,Brazil,1,Brazil,1,
,,,,,,,,,,,,,,,,,,,,,,,,,,,,,,,,,,,,,,,,,,,,,,,,,,,,,,,,,,,,,,,,,,,,,,,,,,,,,,,,,,,,,,,,,,,,,,,,,,,,,,,,,,,,Gibraltar,1,,,Rwanda,1,Rwanda,1,
,,,,,,,,,,,,,,,,,,,,,,,,,,,,,,,,,,,,,,,,,,,,,,,,,,,,,,,,,,,,,,,,,,,,,,,,,,,,,,,,,,,,,,,,,,,,,,,,,,,,,,,,,,,,Zimbabwe,1,,,Zimbabwe,1,Zimbabwe,1,
,,,,,,,,,,,,,,,,,,,,,,,,,,,,,,,,,,,,,,,,,,,,,,,,,,,,,,,,,,,,,,,,,,,,,,,,,,,,,,,,,,,,,,,,,,,,,,,,,,,,,,,,,,,,Sri Lanka,1,,,Sep-14,,,,
,,,,,,,,,,,,,,,,,,,,,,,,,,,,,,,,,,,,,,,,,,,,,,,,,,,,,,,,,,,,,,,,,,,,,,,,,,,,,,,,,,,,,,,,,,,,,,,,,,,,,,,,,,,,South Africa,8,,,Australia,3,,,
,,,,,,,,,,,,,,,,,,,,,,,,,,,,,,,,,,,,,,,,,,,,,,,,,,,,,,,,,,,,,,,,,,,,,,,,,,,,,,,,,,,,,,,,,,,,,,,,,,,,,,,,,,,,Jamaica,2,,,Syria,582,,,
,,,,,,,,,,,,,,,,,,,,,,,,,,,,,,,,,,,,,,,,,,,,,,,,,,,,,,,,,,,,,,,,,,,,,,,,,,,,,,,,,,,,,,,,,,,,,,,,,,,,,,,,,,,,Bosnia-Herzegovina,2,,,Lebanon,74,,,
,,,,,,,,,,,,,,,,,,,,,,,,,,,,,,,,,,,,,,,,,,,,,,,,,,,,,,,,,,,,,,,,,,,,,,,,,,,,,,,,,,,,,,,,,,,,,,,,,,,,,,,,,,,,Bangladesh,2,,,Israel,4,,,
,,,,,,,,,,,,,,,,,,,,,,,,,,,,,,,,,,,,,,,,,,,,,,,,,,,,,,,,,,,,,,,,,,,,,,,,,,,,,,,,,,,,,,,,,,,,,,,,,,,,,,,,,,,,Cameroon,2,,,Gaza Strip,1,,,
,,,,,,,,,,,,,,,,,,,,,,,,,,,,,,,,,,,,,,,,,,,,,,,,,,,,,,,,,,,,,,,,,,,,,,,,,,,,,,,,,,,,,,,,,,,,,,,,,,,,,,,,,,,,Dominican Republic,1,,,Bulgaria,1,,,
,,,,,,,,,,,,,,,,,,,,,,,,,,,,,,,,,,,,,,,,,,,,,,,,,,,,,,,,,,,,,,,,,,,,,,,,,,,,,,,,,,,,,,,,,,,,,,,,,,,,,,,,,,,,Chad,1,,,Jordan,22,,,
,,,,,,,,,,,,,,,,,,,,,,,,,,,,,,,,,,,,,,,,,,,,,,,,,,,,,,,,,,,,,,,,,,,,,,,,,,,,,,,,,,,,,,,,,,,,,,,,,,,,,,,,,,,,Cuba,11,,,Turkey,223,,,
,,,,,,,,,,,,,,,,,,,,,,,,,,,,,,,,,,,,,,,,,,,,,,,,,,,,,,,,,,,,,,,,,,,,,,,,,,,,,,,,,,,,,,,,,,,,,,,,,,,,,,,,,,,,Rwanda,4,,,Iraq,33,,,
,,,,,,,,,,,,,,,,,,,,,,,,,,,,,,,,,,,,,,,,,,,,,,,,,,,,,,,,,,,,,,,,,,,,,,,,,,,,,,,,,,,,,,,,,,,,,,,,,,,,,,,,,,,,Gaza Strip,4,,,Canada,4,,,
,,,,,,,,,,,,,,,,,,,,,,,,,,,,,,,,,,,,,,,,,,,,,,,,,,,,,,,,,,,,,,,,,,,,,,,,,,,,,,,,,,,,,,,,,,,,,,,,,,,,,,,,,,,,Panama,1,,,France,35,,,
,,,,,,,,,,,,,,,,,,,,,,,,,,,,,,,,,,,,,,,,,,,,,,,,,,,,,,,,,,,,,,,,,,,,,,,,,,,,,,,,,,,,,,,,,,,,,,,,,,,,,,,,,,,,Vatican City,4,,,Azerbaijan,1,,,
,,,,,,,,,,,,,,,,,,,,,,,,,,,,,,,,,,,,,,,,,,,,,,,,,,,,,,,,,,,,,,,,,,,,,,,,,,,,,,,,,,,,,,,,,,,,,,,,,,,,,,,,,,,,Central African Republic,1,,,United States,78,,,
,,,,,,,,,,,,,,,,,,,,,,,,,,,,,,,,,,,,,,,,,,,,,,,,,,,,,,,,,,,,,,,,,,,,,,,,,,,,,,,,,,,,,,,,,,,,,,,,,,,,,,,,,,,,Slovenia,9,,,Germany,9,,,
,,,,,,,,,,,,,,,,,,,,,,,,,,,,,,,,,,,,,,,,,,,,,,,,,,,,,,,,,,,,,,,,,,,,,,,,,,,,,,,,,,,,,,,,,,,,,,,,,,,,,,,,,,,,Ethiopia,1,,,United Kingdom,6,,,
,,,,,,,,,,,,,,,,,,,,,,,,,,,,,,,,,,,,,,,,,,,,,,,,,,,,,,,,,,,,,,,,,,,,,,,,,,,,,,,,,,,,,,,,,,,,,,,,,,,,,,,,,,,,Singapore,1,,,China,1,,,
,,,,,,,,,,,,,,,,,,,,,,,,,,,,,,,,,,,,,,,,,,,,,,,,,,,,,,,,,,,,,,,,,,,,,,,,,,,,,,,,,,,,,,,,,,,,,,,,,,,,,,,,,,,,Costa Rica,3,,,Russia,2,,,
,,,,,,,,,,,,,,,,,,,,,,,,,,,,,,,,,,,,,,,,,,,,,,,,,,,,,,,,,,,,,,,,,,,,,,,,,,,,,,,,,,,,,,,,,,,,,,,,,,,,,,,,,,,,Romania,2,,,Egypt,3,,,
,,,,,,,,,,,,,,,,,,,,,,,,,,,,,,,,,,,,,,,,,,,,,,,,,,,,,,,,,,,,,,,,,,,,,,,,,,,,,,,,,,,,,,,,,,,,,,,,,,,,,,,,,,,,Nigeria,2,,,Sweden,3,,,
,,,,,,,,,,,,,,,,,,,,,,,,,,,,,,,,,,,,,,,,,,,,,,,,,,,,,,,,,,,,,,,,,,,,,,,,,,,,,,,,,,,,,,,,,,,,,,,,,,,,,,,,,,,,South Sudan,1,,,Afghanistan,2,,,
,,,,,,,,,,,,,,,,,,,,,,,,,,,,,,,,,,,,,,,,,,,,,,,,,,,,,,,,,,,,,,,,,,,,,,,,,,,,,,,,,,,,,,,,,,,,,,,,,,,,,,,,,,,,Gabon,2,,,Greece,5,,,
,,,,,,,,,,,,,,,,,,,,,,,,,,,,,,,,,,,,,,,,,,,,,,,,,,,,,,,,,,,,,,,,,,,,,,,,,,,,,,,,,,,,,,,,,,,,,,,,,,,,,,,,,,,,Malaysia,1,,,India,1,,,
,,,,,,,,,,,,,,,,,,,,,,,,,,,,,,,,,,,,,,,,,,,,,,,,,,,,,,,,,,,,,,,,,,,,,,,,,,,,,,,,,,,,,,,,,,,,,,,,,,,,,,,,,,,,,,,,Armenia,1,,,
,,,,,,,,,,,,,,,,,,,,,,,,,,,,,,,,,,,,,,,,,,,,,,,,,,,,,,,,,,,,,,,,,,,,,,,,,,,,,,,,,,,,,,,,,,,,,,,,,,,,,,,,,,,,,,,,Cambodia,1,,,
,,,,,,,,,,,,,,,,,,,,,,,,,,,,,,,,,,,,,,,,,,,,,,,,,,,,,,,,,,,,,,,,,,,,,,,,,,,,,,,,,,,,,,,,,,,,,,,,,,,,,,,,,,,,,,,,Iran,1,,,
,,,,,,,,,,,,,,,,,,,,,,,,,,,,,,,,,,,,,,,,,,,,,,,,,,,,,,,,,,,,,,,,,,,,,,,,,,,,,,,,,,,,,,,,,,,,,,,,,,,,,,,,,,,,,,,,Philippines,1,,,
,,,,,,,,,,,,,,,,,,,,,,,,,,,,,,,,,,,,,,,,,,,,,,,,,,,,,,,,,,,,,,,,,,,,,,,,,,,,,,,,,,,,,,,,,,,,,,,,,,,,,,,,,,,,,,,,Oceans,3,,,
,,,,,,,,,,,,,,,,,,,,,,,,,,,,,,,,,,,,,,,,,,,,,,,,,,,,,,,,,,,,,,,,,,,,,,,,,,,,,,,,,,,,,,,,,,,,,,,,,,,,,,,,,,,,,,,,Cyprus,29,,,
,,,,,,,,,,,,,,,,,,,,,,,,,,,,,,,,,,,,,,,,,,,,,,,,,,,,,,,,,,,,,,,,,,,,,,,,,,,,,,,,,,,,,,,,,,,,,,,,,,,,,,,,,,,,,,,,Libya,3,,,
,,,,,,,,,,,,,,,,,,,,,,,,,,,,,,,,,,,,,,,,,,,,,,,,,,,,,,,,,,,,,,,,,,,,,,,,,,,,,,,,,,,,,,,,,,,,,,,,,,,,,,,,,,,,,,,,Italy,5,,,
,,,,,,,,,,,,,,,,,,,,,,,,,,,,,,,,,,,,,,,,,,,,,,,,,,,,,,,,,,,,,,,,,,,,,,,,,,,,,,,,,,,,,,,,,,,,,,,,,,,,,,,,,,,,,,,,Malta,3,,,
,,,,,,,,,,,,,,,,,,,,,,,,,,,,,,,,,,,,,,,,,,,,,,,,,,,,,,,,,,,,,,,,,,,,,,,,,,,,,,,,,,,,,,,,,,,,,,,,,,,,,,,,,,,,,,,,Netherlands,1,,,
,,,,,,,,,,,,,,,,,,,,,,,,,,,,,,,,,,,,,,,,,,,,,,,,,,,,,,,,,,,,,,,,,,,,,,,,,,,,,,,,,,,,,,,,,,,,,,,,,,,,,,,,,,,,,,,,Ireland,2,,,
,,,,,,,,,,,,,,,,,,,,,,,,,,,,,,,,,,,,,,,,,,,,,,,,,,,,,,,,,,,,,,,,,,,,,,,,,,,,,,,,,,,,,,,,,,,,,,,,,,,,,,,,,,,,,,,,Japan,2,,,
,,,,,,,,,,,,,,,,,,,,,,,,,,,,,,,,,,,,,,,,,,,,,,,,,,,,,,,,,,,,,,,,,,,,,,,,,,,,,,,,,,,,,,,,,,,,,,,,,,,,,,,,,,,,,,,,Spain,1,,,
,,,,,,,,,,,,,,,,,,,,,,,,,,,,,,,,,,,,,,,,,,,,,,,,,,,,,,,,,,,,,,,,,,,,,,,,,,,,,,,,,,,,,,,,,,,,,,,,,,,,,,,,,,,,,,,,South Korea,2,,,
,,,,,,,,,,,,,,,,,,,,,,,,,,,,,,,,,,,,,,,,,,,,,,,,,,,,,,,,,,,,,,,,,,,,,,,,,,,,,,,,,,,,,,,,,,,,,,,,,,,,,,,,,,,,,,,,Switzerland,3,,,
,,,,,,,,,,,,,,,,,,,,,,,,,,,,,,,,,,,,,,,,,,,,,,,,,,,,,,,,,,,,,,,,,,,,,,,,,,,,,,,,,,,,,,,,,,,,,,,,,,,,,,,,,,,,,,,,United Arab Emirates,3,,,
