13-Apr F,13-Apr-Data-1,13-Apr S,13-Apr-Data-2,13-Apr T,13-Apr-Data-3,13-Apr FO,13-Apr-Data-4,13-May F,13-May-Data-1,13-May S,13-May-Data-2,13-May T,13-May-Data-3,13-May FO,13-May-Data-4,13-Jun F,13-Jun-Data-1,13-Jun S,13-Jun-Data-2,13-Jun T,13-Jun-Data-3,13-Jun FO,13-Jun-Data-4,13-July F,13-July-Data-1,13-July S,13-July-Data-2,13-July T,13-July-Data-3,13-July FO,13-July-Data-4,13-Aug F,13-Aug-Data-1,13-Aug S,13-Aug-Data-2,13-Aug T,13-Aug-Data-3,13-Aug FO,13-Aug-Data-4,13-Sep F,13-Sep-Data-1,13-Sep,,13-Sep,,13-Sep,,13-Oct,,13-Oct,,13-Oct,,13-Oct,,13-Nov,,13-Nov,,13-Nov,,13-Nov,,13-Dec,,13-Dec,,13-Dec,,13-Dec,,14-Jan,,14-Jan,,14-Jan,,14-Jan,,14-Feb,,14-Feb,,14-Feb,,14-Feb,,14-Mar,,14-Mar,,14-Mar,,14-Mar,,14-Apr,,14-Apr,,14-Apr,,14-Apr,,14-May,,14-May,,14-May,,14-May,,14-Jun,,14-Jun,,14-Jun,,14-Jun,,14-Jul,,14-Jul,,14-Jul,,14-Jul,,Auguest 2014,,Auguest 2014,,Auguest 2014,,Auguest 2014,,14-Sep,,14-Sep,,14-Sep,,14-Sep,,14-Oct,,14-Oct,,14-Oct,,14-Oct,,14-Nov,,14-Nov,,14-Nov,,14-Nov,,14-Dec,,14-Dec,,14-Dec,,14-Dec,,15-Jan,,15-Jan,,15-Jan,,15-Jan,,15-Feb,,15-Feb,,15-Feb,,15-Feb,,15-Mar,,15-Mar,,15-Mar,,15-Mar,,15-Apr,,15-Apr,,15-Apr,,15-Apr,,15-May,,15-May,,15-May,,15-May,,15-Jun,,15-Jun,,15-Jun,,15-Jun,,15-Jul,,15-Jul,,15-Jul,,15-Jul,,Auguest 2015,,Auguest 2015,,Auguest 2015,,Auguest 2015,,15-Sep,,15-Sep,,15-Sep,,15-Sep,,15-Oct,,15-Oct,,15-Oct,,15-Oct,,15-Nov,,15-Nov,,15-Nov,,15-Nov,,15-Dec,,15-Dec,,15-Dec,,15-Dec,
Algeria,5,Georgia,2,Germany,3,Egypt,1,Iran,6,Russia,1,Russia,16,Syria,54,Poland,1,Jordan,29,Iraq,10,Jordan,52,Ethiopia,1,Australia,1,Syria,252,United States,23,Syria,103,China,1,Syria,162,Syria,307,Syria,431,Syria,272,Germany,22,Syria,272,Ireland,2,Syria,141,Bulgaria,11,Bulgaria,8,Syria,243,Syria,172,Lebanon,111,Syria,234,Jordan,15,Syria,261,Syria,268,United Arab Emirates,2,Greece,3,Italy,4,Syria,161,Bulgaria,1,Bulgaria,8,Kuwait,1,Jordan,40,Syria,225,China,4,Syria,113,Ireland,1,Syria,258,Syria,261,Israel,7,Greece,1,Turkey,17,Bulgaria,4,France,1,Syria,154,United Kingdom,4,Syria,229,Iraq,16,Syria,222,Syria,164,Syria,135,Syria,221,Turkey,49,Egypt,8,Jordan,4,United Kingdom,3,Iraq,29,Iraq,21,Syria,113,Syria,171,Syria,195,Syria,359,Cyprus,4,Italy,11,Syria,174,Jordan,19,Syria,65,Syria,111,Syria,164,Syria,218,Syria,397,Switzerland,9,Switzerland,5,Syria,113,Syria,194,India,2,Syria,160,Iraq,55,Jordan,19,United Kingdom,11,Syria,115,Syria,156,Syria,153,Turkey,29,Turkey,41,Qatar,2,Turkey,51,Turkey,30,Syria,176,Syria,353,Jordan,14,Syria,107,Jordan,18,Syria,183,Syria,105,Syria,159,United Kingdom,11,Syria,200,Syria,191,Jordan,32,Afghanistan,6,South Africa,1,Syria,143,Israel,12,Syria,198,Greece,122,Iraq,41,Turkey,167,Syria,1253,Syria,1026,Syria,698,Croatia,5,Malaysia,3,United Kingdom,32,Syria,377,Zimbabwe,1,United States,3521,Syria,2772,Syria,1470,Syria,1612,Jordan,57,Syria,911
Syria,44,Syria,63,Russia,14,Jordan,20,Syria,37,Jordan,10,Lebanon,7,Jordan,23,Tunisia,2,Syria,54,Syria,249,Syria,127,Iraq,4,Syria,101,Iraq,9,Jordan,43,Tunisia,2,Syria,85,Israel,13,Jordan,43,Greece,3,Egypt,21,Turkey,31,Lebanon,61,Syria,259,Germany,6,Syria,193,Syria,139,United Kingdom,6,Egypt,37,Iraq,9,Germany,14,Syria,70,Jordan,18,Jordan,23,Jordan,36,Syria,102,Syria,231,Afghanistan,6,Syria,192,Lebanon,35,Israel,12,Syria,177,Lebanon,109,Israel,4,China,1,Syria,147,Iraq,10,Bulgaria,4,Egypt,12,Lebanon,28,Jordan,63,Syria,132,Jordan,29,Lebanon,38,Lebanon,117,Jordan,53,Turkey,26,Jordan,38,Canada,5,Lebanon,41,Lebanon,34,Syria,133,Syria,128,Venezuela,1,Israel,8,Syria,151,Syria,170,Jordan,16,Lebanon,90,Iraq,18,Turkey,256,Syria,179,Syria,163,Jordan,31,Iraq,5,Lebanon,18,Jordan,19,Lebanon,33,Jordan,33,Bulgaria,2,Syria,268,Russia,1,Iraq,22,Egypt,11,Syria,136,Saudi Arabia,1,Japan,6,Syria,151,Syria,163,Jordan,20,Iraq,7,Kuwait,3,Egypt,4,Syria,203,Syria,310,Syria,315,Syria,200,Lebanon,69,Turkey,58,Syria,153,Lebanon,30,Syria,126,China,1,United States,6,Lebanon,33,Syria,405,Turkey,78,United States,24,Syria,242,Jordan,22,Syria,210,Lebanon,15,Gaza Strip,3,Iran,4,Jordan,28,Syria,1333,Syria,2066,Australia,40,United Kingdom,143,Turkey,191,Israel,11,United States,64,Syria,483,United States,25,Syria,550,Syria,4297,United States,1533,Canada,245,Turkey,87,Canada,315,Jordan,23
Jordan,12,Lebanon,12,Syria,52,Syria,63,Tunisia,4,Syria,60,Syria,21,Israel,5,Lebanon,6,Lebanon,18,Jordan,69,Iran,1,Syria,76,Canada,4,Egypt,17,Armenia,2,Lebanon,11,Brunei,1,Iraq,120,Egypt,13,Australia,1,Israel,6,Syria,260,Bulgaria,9,Australia,10,Italy,7,Lebanon,52,Egypt,19,France,6,United Kingdom,3,Syria,271,Colombia,1,Turkey,7,Gaza Strip,3,Lebanon,80,Kuwait,5,Lebanon,23,Israel,9,Bahrain,1,Jordan,32,Germany,2,Jordan,39,Israel,19,United Arab Emirates,1,Syria,103,Hungary,2,Jordan,32,Lebanon,80,Jordan,63,Lebanon,24,Syria,119,Lebanon,26,Jordan,52,Syria,94,Uganda,1,Syria,354,Lebanon,109,Jordan,39,Lebanon,73,Iraq,17,Jordan,28,Egypt,11,Canada,3,Germany,1,Syria,157,Lebanon,84,Kuwait,3,Lebanon,55,Lebanon,32,France,7,United Kingdom,4,United Kingdom,5,Jordan,11,Jordan,14,Egypt,6,Syria,168,Turkey,33,Lebanon,27,Iraq,12,Kuwait,10,Egypt,24,United Kingdom,10,Brazil,1,Jordan,8,United States,8,Canada,8,Canada,11,Lebanon,50,United Arab Emirates,6,Jordan,28,Israel,10,Afghanistan,1,Lebanon,35,Kuwait,3,Egypt,4,Jordan,41,Tuvalu,1,Israel,54,Jordan,15,United States,17,Burundi,1,Turkey,28,Turkey,32,Turkey,23,Lebanon,44,Jordan,30,Turkey,204,Lebanon,22,Lebanon,34,United States,5,Syria,105,Belgium,2,Jordan,36,Syria,146,Turkey,48,Syria,346,Turkey,242,United Kingdom,341,Turkey,218,Greece,29,Iraq,10,Syria,481,Bulgaria,3,Switzerland,1,United Kingdom,33,Pakistan,1,France,680,Cuba,12,France,104,United States,679,Syria,979,United States,200
Tunisia,2,Jordan,25,Lebanon,13,United States,1,Libya,4,Gaza Strip,1,Turkey,6,Iran,11,Syria,23,Russia,13,Libya,5,Israel,7,Jordan,19,Jordan,21,Turkey,67,Canada,1,Jordan,15,Turkey,10,Egypt,7,Israel,12,Hungary,2,Belarus,10,Lebanon,51,Switzerland,3,Iran,16,Israel,11,Jordan,11,United Kingdom,6,Jordan,55,United States,7,Jordan,25,United Kingdom,2,Afghanistan,5,Iran,6,Germany,7,Syria,153,Iraq,10,Turkey,12,Brazil,1,Algeria,12,Morocco,4,Spain,1,Lebanon,26,United States,12,Lebanon,25,Jordan,19,Kuwait,2,Australia,1,Lebanon,80,Syria,118,Jordan,23,France,3,France,2,Egypt,3,Bulgaria,2,Israel,31,Saudi Arabia,16,Syria,127,Turkey,25,Jordan,24,Israel,26,Ukraine,2,United Kingdom,3,Iraq,14,United States,9,Syria,151,Lebanon,35,Turkey,52,Russia,1,United Kingdom,7,Jordan,22,United States,81,Lebanon,56,Iraq,26,Iraq,17,Lebanon,51,Germany,3,Turkey,29,Norway,1,Lebanon,20,Turkey,49,Greece,6,Syria,123,Canada,9,United Kingdom,3,Lebanon,69,Czech Republic,15,United States,9,Iraq,12,Turkey,62,United States,19,Kuwait,4,Turkey,78,Jordan,33,Lebanon,29,Turkey,64,Sweden,6,Austria,1,Turkey,22,Bulgaria,1,Lebanon,24,Libya,8,United States,4,Jordan,13,Germany,7,Germany,3,Azerbaijan,1,Canada,1,Jordan,56,United Kingdom,14,Iraq,5,United States,18,Germany,14,Turkey,29,New Zealand,1,Macedonia,47,Hungary,75,New Zealand,21,Belgium,16,France,28,Greece,40,Germany,25,Turkey,108,Turkey,74,Israel,7,Afghanistan,7,United Kingdom,151,United Kingdom,87,United States,809,Canada,661,United States,281,Canada,331
Azerbaijan,1,United States,1,Jordan,32,Gaza Strip,1,Jordan,12,United States,12,United States,3,Somalia,6,Iraq,4,Afghanistan,1,Egypt,2,Lebanon,35,Lebanon,17,Puerto Rico,2,Jordan,99,Egypt,16,Egypt,2,Lebanon,7,Lebanon,10,Iraq,83,United States,60,Italy,12,Italy,15,Iraq,12,China,1,Jordan,60,Libya,4,Lebanon,35,Lebanon,16,France,5,Greece,4,Jordan,34,Denmark,2,United States,7,Bulgaria,7,Germany,1,United Kingdom,5,Lebanon,42,Switzerland,6,Israel,20,Syria,163,Syria,147,Turkey,24,Jordan,9,Bulgaria,2,Northern Mariana Islands,1,Lebanon,30,Cyprus,2,West Bank,2,Jordan,39,Australia,4,Syria,166,Lebanon,42,Azerbaijan,2,Israel,17,Jordan,161,Iran,5,Italy,2,Israel,5,Lebanon,24,Turkey,6,Iraq,10,Israel,20,Kuwait,4,Lebanon,123,France,1,Turkey,33,Jordan,34,Turkey,16,Sweden,3,Lebanon,62,Lebanon,74,France,8,Lebanon,47,Lebanon,53,United States,13,Israel,5,Kuwait,6,Australia,1,Israel,6,United Kingdom,14,Turkmenistan,1,Greece,8,Lebanon,19,Turkey,38,Jordan,37,Jordan,37,Syria,167,Japan,3,Lebanon,9,Turkey,18,United States,13,United Kingdom,11,Iraq,19,Kuwait,12,Ireland,1,Egypt,11,Kuwait,3,Iraq,17,United Kingdom,7,Iraq,23,Jordan,32,Austria,3,Israel,12,Malta,1,Turkey,39,Iraq,22,United States,7,Turkey,47,Iraq,11,Lebanon,15,Turkey,98,Israel,7,Greece,15,Lebanon,26,United States,11,Germany,142,United States,267,United Kingdom,159,Jordan,82,United States,156,Canada,46,Canada,44,Belgium,2,Canada,69,Turkey,136,Canada,273,Canada,607,Mexico,8,Austria,2,Germany,18,Greece,22
Turkey,8,Turkey,3,France,3,Iraq,2,Russia,4,Turkey,42,Azerbaijan,11,Gaza Strip,2,Jordan,15,Germany,9,Israel,14,Sudan,1,United States,6,United States,8,Israel,15,Syria,192,Turkey,6,Jordan,9,Gibraltar,1,Lebanon,44,Iraq,40,Turkey,28,Iraq,14,Italy,2,Bulgaria,18,Lebanon,48,Iran,4,Israel,11,Turkey,37,Jordan,42,Switzerland,2,Lebanon,63,Lebanon,9,Czech Republic,1,Iraq,11,Lebanon,32,Armenia,2,Iraq,24,Egypt,5,United Kingdom,40,Iraq,9,Bulgaria,13,United States,7,Turkey,8,Jordan,9,Turkey,12,United States,4,United States,7,United Arab Emirates,2,United Arab Emirates,2,Germany,4,United States,6,Egypt,7,Iraq,22,Belgium,1,Uruguay,1,United States,15,Lebanon,33,Kuwait,12,Russia,3,United States,5,Jordan,46,France,1,Lebanon,18,Turkey,19,United States,1,United States,9,Israel,10,Iraq,17,Turkey,16,Turkey,86,Jordan,27,United States,20,United States,33,Morocco,1,Turkey,61,Australia,1,Israel,7,United States,16,Oceans,7,Italy,6,Turkey,31,Israel,12,United Kingdom,4,Cyprus,1,Pakistan,5,Turkey,15,Turkey,49,Kuwait,7,Brazil,1,Australia,1,Jordan,22,Ethiopia,1,Syria,175,Sweden,5,Lebanon,62,United States,13,Jordan,6,Germany,4,Israel,9,Turkey,20,United Kingdom,3,Hungary,2,Lebanon,51,Turkey,28,Kuwait,19,Jordan,18,Greece,2,Iraq,9,Turkey,65,United States,8,Lebanon,42,Sweden,2,Lebanon,23,Japan,1,Turkey,44,Greece,84,Canada,304,Lebanon,114,Croatia,11,Egypt,3,United States,53,Syria,428,Hungary,6,Lebanon,36,United States,78,Iran,15,Turkey,228,Germany,26,Germany,31,Russia,8,Turkey,64
United States,2,United Arab Emirates,6,Somalia,13,Israel,4,China,5,Chad,3,Jordan,7,Lebanon,8,Turkey,7,Switzerland,1,Mali,1,Saudi Arabia,1,Kuwait,1,Turkey,6,Lebanon,49,Israel,53,Libya,4,Iraq,3,Italy,3,Canada,11,Lebanon,71,Jordan,39,United States,32,Jordan,37,Iraq,7,Turkey,33,United Kingdom,10,Italy,5,Australia,1,Lebanon,33,Iran,1,Turkey,34,Switzerland,1,Algeria,1,Egypt,21,South Sudan,1,Turkey,8,United Kingdom,12,Kuwait,21,Lebanon,16,United States,18,Egypt,6,United Kingdom,4,Iran,2,Azerbaijan,1,Iraq,12,Iraq,3,France,5,United States,9,France,2,United States,5,Australia,1,Israel,38,Turkey,17,Jordan,57,Argentina,1,Russia,1,Saudi Arabia,2,United States,10,Kuwait,11,Thailand,1,Australia,1,Lebanon,31,Iran,2,Kuwait,1,Iraq,35,Turkmenistan,1,Canada,1,Uruguay,2,Iraq,13,United States,10,France,31,Iraq,17,United Kingdom,4,Turkey,72,Germany,43,Egypt,2,Iraq,26,Turkey,71,Turkey,110,Jordan,57,Norway,3,Kuwait,5,United States,15,Italy,24,Egypt,7,Kuwait,2,Jordan,25,Lebanon,21,Israel,11,Lebanon,22,Lebanon,30,Iraq,5,Lebanon,34,Norway,5,Bangladesh,1,Israel,91,Norway,5,Israel,35,Belgium,1,United Kingdom,5,Israel,4,Germany,13,Iraq,11,Greece,5,United States,13,Germany,4,Bulgaria,2,Sudan,1,Lebanon,26,Turkey,27,Gaza Strip,6,Iran,1,Jordan,36,Russia,3,Serbia,13,Iceland,37,Germany,156,Canada,93,United States,167,Germany,29,Turkey,103,Greece,21,Iraq,43,Antigua and Barbuda,2,United Kingdom,126,Germany,75,France,244,Norway,1,United Arab Emirates,5,Iraq,20,Afghanistan,5
Iraq,1,Egypt,2,Iran,3,Lebanon,4,United States,1,Mauritania,1,South Korea,6,Turkey,1,Iran,2,Turkey,14,Lebanon,72,Russia,3,Turkey,13,Iraq,6,Gaza Strip,1,Lebanon,59,United States,7,Japan,1,Russia,20,Australia,1,Italy,15,Lebanon,49,Jordan,26,India,2,Jordan,12,Iran,13,West Bank,4,Kuwait,10,Kuwait,9,Sweden,2,France,5,Bahrain,1,United Kingdom,2,Switzerland,2,United States,12,Turkey,11,Kuwait,5,Jordan,37,France,3,West Bank,2,Qatar,10,Iran,4,Egypt,2,Qatar,3,Turkey,4,United States,3,Germany,4,Egypt,2,Ukraine,2,Iraq,4,Iraq,5,Philippines,2,Qatar,3,Israel,5,Norway,2,West Bank,4,Libya,1,Uruguay,3,Iraq,24,Turkey,4,Egypt,5,Sudan,1,Jordan,16,Japan,2,Israel,1,Jordan,22,Israel,6,United States,34,United States,5,Israel,2,China,2,Egypt,6,Turkey,48,Turkey,73,Germany,6,Afghanistan,1,United Kingdom,3,United Kingdom,8,Bulgaria,4,United States,27,Lebanon,66,Jordan,18,Egypt,3,Bulgaria,2,Malta,3,Gaza Strip,5,Pakistan,2,Kuwait,11,Turkey,97,Pakistan,2,Iraq,4,Greece,6,Jordan,31,United States,12,Jordan,22,Israel,24,Azerbaijan,8,United Kingdom,6,Kuwait,3,Qatar,5,United States,7,Switzerland,2,Lebanon,58,Egypt,2,Eritrea,14,Italy,3,Norway,1,Somalia,1,United Kingdom,1,Belgium,14,Canada,6,Israel,11,Iraq,5,Libya,1,United States,6,Hungary,19,Eritrea,13,France,36,Sweden,11,Brazil,11,Somalia,2,Malaysia,8,Vietnam,3,Oceans,8,Jordan,40,Greece,17,Lebanon,91,Indonesia,6,Turkey,99,Armenia,7,Turkey,87,Lebanon,56
Libya,5,Iraq,18,Afghanistan,1,Iran,2,Egypt,2,Morocco,2,Israel,8,Russia,14,Israel,4,United Kingdom,2,United States,9,Turkey,8,Russia,4,Lebanon,32,Iran,3,United Kingdom,7,Greece,2,Brazil,1,Jordan,19,Ireland,4,Malta,4,Bulgaria,16,Albania,2,Russia,11,Japan,3,Bulgaria,8,Egypt,48,Russia,2,Israel,21,Pakistan,2,Kuwait,4,Egypt,57,Yemen,5,Turkey,20,Turkey,61,Bulgaria,8,Sweden,1,United States,13,Finland,4,Egypt,23,Israel,25,Turkey,31,Russia,1,Australia,7,United States,5,Canada,1,Morocco,1,Israel,21,Turkey,36,China,1,Israel,1,Egypt,6,Turkey,8,Saudi Arabia,1,France,1,Iraq,7,Israel,8,United States,7,Norway,1,Mauritania,1,Canada,3,Yemen,2,Australia,2,Jordan,25,Micronesia,2,Turkey,21,Jordan,9,Egypt,1,Italy,5,Jordan,17,Italy,1,China,1,Israel,4,Cyprus,4,Libya,14,United Kingdom,2,Sweden,1,Spain,1,Canada,13,Russia,2,Iraq,12,Germany,10,Lebanon,22,Taiwan,1,Sweden,5,Israel,19,Gaza Strip,1,West Bank,1,Qatar,7,United States,136,Cuba,1,Egypt,2,Egypt,11,Taiwan,4,Lithuania,1,China,1,Kuwait,10,Canada,1,United States,9,Lebanon,43,Norway,4,Greece,1,Somalia,1,Sweden,6,Jordan,15,Sudan,6,Turkmenistan,2,Jordan,14,Denmark,1,Kuwait,2,Germany,3,Jordan,23,United States,6,Italy,1,Jordan,17,China,10,Macedonia,5,Lebanon,258,Germany,115,Canada,75,Russia,13,Iceland,1,United Kingdom,50,Cyprus,6,Australia,12,Lebanon,35,Iraq,160,Mexico,13,Jordan,116,France,81,Vietnam,3,France,22
Northern Mariana Islands,2,Tunisia,2,United States,4,Turkey,9,Lebanon,5,Lebanon,1,West Bank,2,Australia,2,Russia,4,Egypt,1,Turkey,17,Vietnam,1,Canada,17,United Kingdom,7,United Arab Emirates,3,Iraq,2,Iraq,5,Gaza Strip,3,Canada,1,Russia,20,Qatar,3,Libya,3,Switzerland,5,United States,32,Lebanon,37,France,4,Malta,2,Turkey,17,United States,11,Italy,2,West Bank,5,United States,9,Germany,13,Lebanon,104,India,1,Greece,6,Jordan,16,Cuba,1,United Kingdom,15,Sweden,2,Turkey,11,United Kingdom,2,Germany,2,Algeria,1,Poland,2,Czech Republic,4,Turkey,11,Russia,13,Qatar,2,Germany,2,Canada,1,Italy,1,Iran,2,United States,3,Uruguay,1,Georgia,1,Turkey,7,Vietnam,1,United Kingdom,5,Nauru,1,Italy,4,Germany,2,Afghanistan,4,Italy,1,Iraq,4,Armenia,2,Iran,10,Saudi Arabia,1,Egypt,2,New Zealand,1,Switzerland,1,Russia,3,Canada,1,Denmark,1,United States,6,Rwanda,1,Estonia,2,Netherlands,2,United Kingdom,3,Cyprus,3,Australia,3,Lebanon,64,Libya,1,Germany,2,Lebanon,100,Norway,2,Israel,2,Armenia,1,Sweden,1,Australia,1,Japan,1,Japan,6,Iran,1,Italy,1,Italy,4,Germany,2,Lebanon,26,United States,4,Yemen,1,Italy,4,Uruguay,3,Australia,1,Norway,2,Malaysia,1,Israel,3,Iraq,4,Israel,31,Iraq,9,Greece,1,Greece,6,Libya,1,Sweden,8,Greece,13,Egypt,4,Greece,77,Iraq,11,New Zealand,38,Uruguay,36,United States,205,Israel,50,Hungary,6,Lebanon,35,Israel,24,Jordan,34,France,8,Jordan,40,Jordan,72,Iraq,119,Greece,16,United Kingdom,59,Armenia,2,Myanmar,3
Lebanon,7,North Korea,1,Turkey,2,Russia,26,Israel,1,Kuwait,2,Gaza Strip,1,Iraq,16,Afghanistan,3,Japan,1,Algeria,1,United States,7,Bhutan,1,France,4,United States,20,Australia,3,Spain,2,Israel,13,United States,3,South Korea,3,Turkey,66,United States,48,Venezuela,2,Canada,4,Libya,1,Russia,2,United Arab Emirates,4,Jordan,37,Bulgaria,13,Iran,5,Turkey,34,France,11,Algeria,1,Egypt,25,Israel,10,United States,3,Afghanistan,1,United Arab Emirates,1,Iraq,2,Turkey,41,Algeria,4,India,1,Iraq,11,Denmark,1,Germany,1,Finland,5,Iran,2,Jordan,21,Kuwait,2,Sweden,2,Turkey,10,Israel,4,Iraq,2,Lebanon,13,Kuwait,1,Turkey,9,Germany,3,Israel,2,Germany,6,Bulgaria,2,Iraq,12,United States,2,Uruguay,1,Turkey,27,Macedonia,3,Turkmenistan,2,United Kingdom,2,Qatar,1,West Bank,1,Denmark,2,Qatar,4,Iraq,29,Malta,1,Mexico,4,United Kingdom,1,Uruguay,6,Iraq,3,Turkmenistan,1,Israel,8,Norway,1,Cyprus,3,United States,9,Saudi Arabia,5,Pakistan,4,Greece,1,West Bank,3,Lebanon,24,Greece,1,United Kingdom,8,Iraq,3,United Kingdom,1,Nicaragua,1,Israel,2,Sweden,4,Bulgaria,1,Iraq,21,Jordan,32,Lebanon,38,Egypt,5,Egypt,4,Yemen,1,Sweden,1,Taiwan,2,United Kingdom,5,Norway,2,Armenia,1,Lithuania,3,Kuwait,9,Russia,1,Afghanistan,9,Kuwait,1,Vatican City,1,Serbia,2,Pakistan,3,Malta,1,Saudi Arabia,3,United States,74,Australia,176,Greece,39,Lebanon,74,Jordan,93,Saudi Arabia,1,Kuwait,4,Israel,9,Mexico,1,Canada,76,Turkey,148,New Zealand,1,Czech Republic,2,Jordan,130,United Kingdom,104,Italy,6
Russia,8,Libya,7,Algeria,1,Eritrea,2,Norway,1,Western Sahara,2,,,Germany,1,Zimbabwe,1,Iraq,2,Canada,8,Denmark,1,Iran,2,Afghanistan,1,Algeria,3,Puerto Rico,2,United Kingdom,2,Libya,1,United Kingdom,3,Turkey,19,Canada,3,Russia,10,Sweden,2,Egypt,15,United States,5,Kuwait,3,Iraq,8,Malta,3,Algeria,1,Russia,1,United States,10,Somalia,1,Iraq,2,Israel,17,West Bank,7,Israel,9,Russia,1,Democratic Republic of the Congo,1,Jordan,6,Kuwait,6,United Kingdom,5,Czech Republic,2,Pakistan,3,Germany,1,France,3,Switzerland,2,Israel,2,Qatar,2,Russia,2,Armenia,5,Brazil,1,West Bank,1,Central African Republic,1,Russia,1,Switzerland,3,Italy,3,Austria,1,Germany,14,Canada,26,Brazil,1,,,Oman,1,Egypt,20,China,2,Germany,1,Nigeria,3,Uruguay,2,Sweden,1,Gaza Strip,1,Sudan,1,Israel,8,Sweden,4,Japan,1,Luxembourg,5,Italy,4,United Arab Emirates,1,China,7,United States,3,Jordan,25,Libya,12,Somalia,1,Israel,5,Jordan,19,Kenya,2,Jordan,12,Iraq,6,Sri Lanka,1,Italy,1,Egypt,39,Denmark,1,Zimbabwe,2,Israel,9,South Korea,2,United Kingdom,10,Germany,7,Kuwait,25,Saudi Arabia,4,United Arab Emirates,1,Ireland,1,Saudi Arabia,1,Bulgaria,1,Cuba,1,France,4,Denmark,1,Yemen,1,Egypt,1,Greece,13,Israel,11,West Bank,3,Serbia,1,Iran,2,Peru,1,Egypt,1,Afghanistan,9,United Kingdom,7,Italy,7,Austria,30,Greece,79,Jordan,115,Iraq,21,Lebanon,47,Australia,33,Jordan,29,Canada,33,Turkey,49,Germany,36,Greece,54,Belgium,6,Kuwait,3,Portugal,1,Lebanon,52,Yemen,1
Ukraine,6,Russia,6,,,France,4,Malaysia,2,Indonesia,3,,,Morocco,5,Switzerland,1,Bahrain,2,Iran,9,Switzerland,1,Norway,1,Algeria,6,Kuwait,1,Russia,2,Israel,2,Northern Mariana Islands,3,Switzerland,2,Bahrain,4,Israel,19,United Kingdom,30,Brazil,2,Turkey,10,Russia,3,Sweden,3,United States,14,Tunisia,4,Japan,2,Bulgaria,9,Morocco,1,Sweden,2,Libya,1,Libya,1,Afghanistan,2,Sudan,1,United States,7,Libya,1,United States,9,Iraq,1,Switzerland,2,Lebanon,9,Malaysia,2,Saudi Arabia,3,United Kingdom,1,Lebanon,16,Norway,2,Iran,1,Sweden,1,Pakistan,2,Egypt,4,Iran,16,Germany,1,Kuwait,5,Indonesia,1,Somalia,2,Kuwait,3,Egypt,2,Egypt,1,United States,5,,,Switzerland,11,Northern Mariana Islands,1,India,1,Rwanda,1,Bahrain,1,Saudi Arabia,1,Bulgaria,3,Croatia,2,Nigeria,1,Japan,2,Kuwait,1,Switzerland,2,Nigeria,2,Canada,3,Israel,6,Kuwait,1,West Bank,4,Libya,17,Iraq,6,India,1,Sudan,4,Canada,9,Turkey,12,Russia,2,United States,4,China,1,Malaysia,1,Serbia,1,India,2,Kuwait,2,Turkey,15,Australia,1,Somalia,1,Taiwan,1,Sri Lanka,4,Morocco,3,Luxembourg,2,United Kingdom,4,Jordan,36,United Arab Emirates,1,United States,6,Qatar,6,Poland,1,France,3,Norway,2,United States,30,Norway,6,Yemen,2,Egypt,2,Russia,1,Brazil,1,Kuwait,1,Canada,8,Libya,3,Germany,38,United Kingdom,290,Hungary,65,Russia,19,Turkey,171,Australia,17,Russia,10,Germany,36,Spain,1,Iraq,15,Russia,2,Israel,31,Greece,31,Lebanon,70,Iraq,30,Luxembourg,1,Switzerland,2
Switzerland,1,Saudi Arabia,1,,,Germany,1,Turkey,3,Israel,1,,,Niger,1,Japan,1,Libya,1,Northern Mariana Islands,1,Ireland,3,Nepal,2,Sudan,2,Qatar,1,Rwanda,2,Germany,2,Egypt,2,Turkey,13,United Kingdom,3,Switzerland,24,Germany,46,Israel,5,United Kingdom,3,Israel,12,Egypt,1,Turkey,36,Belgium,1,Egypt,5,Saudi Arabia,3,Israel,5,Iran,10,Egypt,3,United Kingdom,13,Sudan,2,Ireland,1,Italy,14,Kuwait,8,Lebanon,26,Iran,4,Jordan,19,United States,10,Iran,3,China,1,Kuwait,3,Libya,1,Qatar,2,United Kingdom,12,Israel,1,Afghanistan,1,Philippines,2,Romania,6,West Bank,8,China,1,Papua New Guinea,1,United States,10,Qatar,2,Belgium,2,Australia,1,Israel,10,,,Turkey,13,Vietnam,1,Spain,1,,,,,Congo,1,Armenia,2,United Kingdom,1,Canada,3,Bulgaria,3,Canada,6,West Bank,2,Greece,5,Netherlands,2,West Bank,3,United States,3,Uruguay,1,Central African Republic,1,Haiti,1,Switzerland,8,Saudi Arabia,1,Turkey,6,West Bank,1,Germany,3,Malta,1,France,2,United Kingdom,12,Israel,3,Kuwait,2,Rwanda,1,United Kingdom,3,Macedonia,3,Qatar,3,Israel,9,Morocco,1,Netherlands,1,Gaza Strip,1,Greece,3,Iran,1,Sierra Leone,2,Kuwait,4,Malaysia,4,Brazil,7,Iran,1,Iran,4,Burundi,8,Sudan,1,Egypt,3,Rwanda,2,Nepal,1,Indonesia,8,Turkey,43,Yemen,3,Kuwait,4,United Kingdom,7,Czech Republic,22,Serbia,13,Egypt,20,Iran,33,United Kingdom,65,Luxembourg,1,Iraq,10,Australia,17,Germany,24,Albania,3,Mexico,11,Lebanon,68,United Kingdom,75,Australia,7,Australia,13,United Kingdom,62
China,1,Austria,2,,,Libya,3,Saudi Arabia,1,Algeria,5,,,Georgia,4,United States,1,,,Germany,3,Oceans,6,Cyprus,1,Yemen,2,France,2,Morocco,2,Russia,2,United States,1,Kuwait,1,Denmark,2,Russia,27,Northern Mariana Islands,1,Bulgaria,4,Libya,1,Egypt,11,United Kingdom,8,Yemen,20,France,5,Iraq,3,New Zealand,1,Libya,3,Bulgaria,3,Saudi Arabia,2,Portugal,3,Italy,3,Iraq,8,Libya,5,Qatar,4,New Zealand,4,United States,5,Sweden,1,Greece,1,Libya,1,Israel,5,Ukraine,2,Congo,1,Cyprus,2,Sweden,5,Iraq,6,Turkey,2,Libya,2,Iraq,2,Kuwait,1,Sweden,2,Saudi Arabia,2,Canada,8,Iraq,3,Spain,2,Turkmenistan,2,Egypt,3,,,Israel,15,Iraq,5,Israel,1,,,,,,,Malta,1,Kuwait,1,Malaysia,3,Malta,1,Afghanistan,2,Netherlands,1,France,3,Israel,3,Italy,1,Saudi Arabia,2,South Sudan,4,Qatar,1,Greece,25,Netherlands,1,Iraq,8,Germany,15,Cuba,1,Canada,10,Turkey,23,Iraq,12,United Arab Emirates,3,Canada,1,France,1,Haiti,1,Central African Republic,2,Italy,3,Israel,11,Canada,3,Egypt,19,United Kingdom,4,Monaco,2,Australia,1,Greece,8,Libya,6,Germany,5,Ireland,1,United States,7,Italy,4,Saudi Arabia,3,Japan,3,Egypt,22,Gaza Strip,1,Eritrea,1,Nigeria,1,Kuwait,13,Russia,3,Belgium,2,Egypt,1,Lebanon,29,Jordan,74,Kosovo,7,Tunisia,3,Australia,37,Afghanistan,6,United Kingdom,85,Norway,5,Norway,1,Iceland,1,Australia,15,Spain,2,Japan,4,Iraq,34,Lebanon,62,France,25,Israel,23
Israel,1,,,,,Somalia,1,Algeria,5,Libya,6,,,Libya,2,,,,,Russia,13,Ethiopia,3,Armenia,2,Egypt,10,Australia,1,Tunisia,1,Morocco,2,,,United Arab Emirates,2,United States,23,United Kingdom,15,Somalia,4,Greece,1,Somalia,6,Rwanda,1,Libya,9,France,16,Saudi Arabia,2,Libya,1,West Bank,2,Armenia,2,Russia,4,West Bank,1,Germany,5,Greece,6,United Kingdom,23,Malta,2,Iran,1,Oman,1,Switzerland,9,Italy,3,Italy,2,Oman,1,Afghanistan,1,Saudi Arabia,1,Israel,11,Switzerland,1,Saudi Arabia,2,Spain,2,Canada,5,Austria,5,Germany,2,United States,2,Uruguay,3,Afghanistan,1,Egypt,3,West Bank,3,Greece,2,Afghanistan,1,Italy,5,,,Canada,11,Malta,1,Canada,2,,,,,,,Uruguay,2,Germany,1,Algeria,2,Egypt,5,Greece,5,Armenia,2,Uruguay,18,Thailand,1,Kuwait,3,France,1,Greece,1,Cyprus,1,United Kingdom,5,United States,12,China,1,United States,2,Vatican City,1,Iran,2,Qatar,6,Sweden,4,Egypt,27,Germany,1,Italy,1,Armenia,2,Italy,2,Bulgaria,2,France,2,Tunisia,2,Argentina,1,Gaza Strip,2,Burkina Faso,1,Norway,3,Australia,1,Italy,1,Oceans,2,United Kingdom,3,South Korea,1,Kuwait,9,Israel,3,Egypt,2,Turkmenistan,1,Uruguay,2,Israel,4,Egypt,2,Germany,7,United Kingdom,1,Iraq,5,Pakistan,6,Israel,23,Thailand,1,Israel,75,Finland,5,Russia,15,Canada,56,Jordan,78,Russia,14,United States,72,Libya,1,Norway,5,Australia,64,Mali,3,Austria,5,Egypt,4,Greece,19,Iraq,25
,,,,,,United Kingdom,1,Switzerland,2,Australia,1,,,United Arab Emirates,2,,,,,Australia,9,Iraq,5,Israel,5,Russia,5,Lithuania,5,Turkey,8,Netherlands,1,,,Japan,1,Switzerland,2,Reunion,2,Switzerland,4,Belgium,1,France,9,Turkey,5,Iraq,2,Israel,20,United Arab Emirates,2,Switzerland,1,Israel,33,Bulgaria,9,Israel,11,South Africa,1,India,1,Sweden,2,France,5,Bulgaria,2,Argentina,1,Poland,2,Uganda,1,New Zealand,13,Iraq,7,Qatar,1,,,Russia,6,Malta,1,France,1,Libya,2,Egypt,1,United States,2,Russia,2,Canada,3,Armenia,2,Germany,2,Iraq,2,Libya,3,Ukraine,2,Sudan,1,France,1,Norway,7,,,Russia,1,Italy,2,United States,2,,,,,,,West Bank,2,Libya,1,Uruguay,1,Ukraine,3,India,1,United Kingdom,7,Argentina,2,Norway,3,Egypt,4,,,,,Peru,1,West Bank,2,Greece,13,Belgium,3,Iraq,10,Iran,1,Somalia,1,Sweden,2,Italy,3,Sweden,2,China,1,Saudi Arabia,3,,,Russia,4,Germany,3,Nicaragua,6,Switzerland,1,Uruguay,2,Iraq,16,Qatar,1,Switzerland,2,Uruguay,1,Luxembourg,2,Iraq,3,Iran,2,Japan,1,Azerbaijan,6,Denmark,10,Lebanon,53,Tunisia,2,Norway,3,West Bank,2,Eritrea,4,Iraq,11,France,1,Mexico,1,Ethiopia,1,Ireland,5,Lebanon,40,Jordan,92,Iceland,8,Serbia,8,Norway,2,Sweden,9,Estonia,1,Egypt,24,Netherlands,2,Iraq,35,Malaysia,26,Italy,5,Saudi Arabia,7,Afghanistan,5,Thailand,1,Serbia,2
,,,,,,Azerbaijan,2,,,France,2,,,Armenia,2,,,,,Congo,1,Libya,6,,,Israel,7,Saudi Arabia,4,Malaysia,1,Gaza Strip,1,,,Germany,2,Italy,8,Jordan,75,Iran,4,Egypt,10,Sri Lanka,1,Armenia,15,Canada,6,South Africa,1,Germany,6,Russia,2,Algeria,1,Puerto Rico,2,Afghanistan,1,Sweden,1,Bulgaria,8,United Kingdom,5,China,2,Qatar,6,Switzerland,6,Qatar,1,Morocco,9,Armenia,1,Switzerland,2,China,1,,,Afghanistan,1,Bulgaria,1,Greece,1,Turkey,25,Armenia,2,Australia,3,Northern Mariana Islands,1,Bulgaria,3,,,Bulgaria,2,Germany,1,Germany,10,Belgium,2,Pakistan,1,Sweden,2,United Kingdom,1,,,Malta,1,Hong Kong,1,Netherlands,3,,,,,,,India,1,,,Libya,1,Canada,1,Iran,2,Libya,1,Norway,2,Taiwan,1,Gaza Strip,1,,,,,Germany,2,Bulgaria,5,Israel,9,Canada,9,Norway,1,Nigeria,1,Iraq,8,Afghanistan,1,Australia,1,Netherlands,1,United States,18,Egypt,1,,,Sweden,4,United Arab Emirates,2,Greece,1,Australia,3,Sweden,6,Sri Lanka,2,Ireland,1,Italy,1,Iraq,18,Canada,1,Austria,2,Azerbaijan,4,France,2,United Kingdom,1,United Arab Emirates,3,Eritrea,3,United Kingdom,8,Italy,2,Pakistan,1,United Kingdom,3,Russia,2,New Zealand,3,Sweden,3,Indonesia,1,Malta,1,Canada,278,Iraq,69,Papua New Guinea,2,Austria,7,Israel,8,Vietnam,5,Lebanon,52,Germany,19,Egypt,2,Egypt,1,Libya,5,Australia,49,Russia,7,Switzerland,4,Oceans,1,Pakistan,5
,,,,,,,,,,United Kingdom,5,,,Kuwait,2,,,,,Ireland,2,Canada,2,,,Ireland,2,Russia,10,Greece,6,Brazil,2,,,China,1,Malta,2,New Zealand,13,Australia,1,Azerbaijan,4,Germany,2,Austria,5,Greece,2,Gaza Strip,2,Libya,7,Czechoslovakia,2,Turkey,24,Gaza Strip,1,Kuwait,4,Kuwait,1,France,4,Switzerland,5,Sweden,2,Israel,4,Netherlands,1,Austria,1,Afghanistan,1,France,1,China,1,Singapore,2,,,United Arab Emirates,2,,,Sweden,2,Bosnia-Herzegovina,1,Thailand,1,Bulgaria,2,Kenya,1,Czech Republic,1,,,,,Russia,2,United Arab Emirates,1,France,1,Canada,9,Netherlands,1,Sweden,2,,,Armenia,1,Germany,2,,,,,,,,,Brazil,1,,,Kuwait,1,Gaza Strip,2,Philippines,1,Germany,5,Pakistan,1,,,Russia,1,,,,,Egypt,6,Germany,1,Yemen,1,Egypt,39,Czech Republic,3,Armenia,2,Oman,1,Kuwait,1,Turkmenistan,2,Bulgaria,2,Denmark,1,Cuba,2,,,Qatar,2,United States,2,Gaza Strip,2,Yemen,1,United Kingdom,9,West Bank,11,Greece,5,Afghanistan,1,Macedonia,2,Denmark,6,Hungary,1,Kuwait,1,Armenia,1,Indonesia,1,Switzerland,4,Iran,1,Pakistan,4,Afghanistan,1,Nepal,2,Hungary,1,Armenia,1,Italy,2,United States,4,Israel,3,Sweden,2,Iran,7,Sweden,26,Norway,12,Saudi Arabia,13,Italy,11,France,13,Denmark,1,Russia,21,Greece,26,Denmark,8,Norway,5,Bhutan,2,Cuba,11,Sweden,3,Israel,12,Ireland,3
,,,,,,,,,,Germany,2,,,,,,,,,West Bank,2,Sweden,1,,,Kuwait,1,Libya,6,Ireland,1,China,1,,,Morocco,1,Iran,3,West Bank,1,Micronesia,1,Libya,6,Romania,1,Cuba,2,United States,9,Somalia,2,Norway,3,Cuba,1,Puerto Rico,4,Nigeria,3,Qatar,5,Malta,3,Iraq,3,Guinea-Bissau,2,West Bank,1,Iran,1,Japan,5,Turkey,18,Norway,1,Czech Republic,4,Thailand,2,France,1,,,Iraq,4,,,United Kingdom,6,Armenia,2,Pakistan,2,Malta,3,South Korea,1,Netherlands,1,,,,,Turkey,3,Saudi Arabia,1,Egypt,2,Luxembourg,1,Switzerland,1,Libya,2,,,Myanmar,3,Libya,2,,,,,,,,,Ireland,16,,,,,Northern Mariana Islands,1,Australia,2,Paraguay,1,Switzerland,1,,,Canada,1,,,,,Ireland,1,Luxembourg,1,Philippines,1,Sweden,3,United Kingdom,2,Cyprus,3,Afghanistan,5,Bahamas,1,United Arab Emirates,2,Canada,1,Australia,1,Uruguay,2,,,Saudi Arabia,1,Canada,2,Afghanistan,1,Japan,5,Monaco,1,Libya,1,France,2,Canada,4,Malta,1,Germany,4,Egypt,2,West Bank,3,Finland,1,Andorra,1,Uruguay,1,New Zealand,4,Spain,1,Brazil,1,India,1,Ireland,1,Greece,6,Bahrain,3,Oceans,3,China,4,Libya,3,Italy,14,Sudan,2,Italy,11,West Bank,1,Iran,1,Oceans,6,Spain,1,Greece,12,Yemen,2,Iran,3,Albania,1,South Korea,3,Jersey,7,Greece,18,Ireland,4,Germany,24
,,,,,,,,,,Canada,4,,,,,,,,,Netherlands,1,,,,,Malaysia,6,,,Switzerland,1,,,,,Sudan,1,China,1,Bulgaria,22,Sweden,9,Saint Lucia,2,Micronesia,5,Kuwait,6,Afghanistan,1,Italy,22,Australia,1,Saudi Arabia,1,Canada,1,Afghanistan,1,Burundi,1,Italy,1,Greece,1,Portugal,3,Morocco,1,Somalia,1,Saudi Arabia,1,Saudi Arabia,3,Saudi Arabia,3,Russia,4,Libya,1,United Arab Emirates,1,,,Hungary,2,,,Australia,3,Japan,2,Afghanistan,1,Ukraine,2,Somalia,2,,,,,,,Ukraine,1,Spain,1,Uruguay,2,United Kingdom,2,Kazakhstan,1,Saudi Arabia,2,,,United Arab Emirates,2,Ukraine,1,,,,,,,,,Oceans,2,,,,,France,3,Israel,2,Montenegro,1,Germany,4,,,Luxembourg,1,,,,,France,1,Italy,1,Kuwait,18,Philippines,1,Sweden,2,Qatar,2,Philippines,2,Thailand,1,India,1,Qatar,4,,,,,,,Cyprus,2,Sweden,5,Switzerland,4,Armenia,3,Congo,7,Italy,2,Egypt,6,Belgium,1,Norway,2,Egypt,2,Armenia,1,Israel,15,Spain,2,Iraq,4,United Kingdom,1,Italy,4,Australia,2,,,Germany,4,China,1,France,1,Yemen,2,France,1,Italy,1,Austria,10,Morocco,1,United Arab Emirates,47,Saudi Arabia,18,Bulgaria,14,New Zealand,8,Spain,3,United Arab Emirates,7,Macedonia,4,Slovenia,2,France,20,Egypt,6,Afghanistan,11,Malta,3,Israel,16,Kosovo,3,Saudi Arabia,8
,,,,,,,,,,Greece,1,,,,,,,,,Qatar,1,,,,,Gaza Strip,1,,,Japan,8,,,,,,,United Arab Emirates,1,Nigeria,1,Canada,2,Nicaragua,1,Israel,2,United Arab Emirates,1,Switzerland,1,Hong Kong,7,Iraq,6,Czech Republic,3,Morocco,3,Czech Republic,1,Iraq,6,,,Equatorial Guinea,2,Equatorial Guinea,3,Russia,1,Northern Mariana Islands,1,Canada,1,Armenia,2,Germany,5,Greece,1,Haiti,1,,,,,,,,,Libya,1,China,1,,,United Kingdom,1,France,2,,,,,,,,,Morocco,3,China,13,Armenia,1,Uruguay,1,Netherlands,1,,,France,1,Japan,8,,,,,,,,,United Kingdom,3,,,,,Australia,1,Cyprus,54,Kuwait,1,Egypt,6,,,Czech Republic,1,,,,,Kuwait,2,Mexico,1,Germany,23,Italy,5,Pakistan,1,Israel,1,Israel,21,United Arab Emirates,1,Egypt,2,South Sudan,1,,,,,,,China,1,Switzerland,2,Morocco,1,Iraq,4,South Sudan,7,Ireland,1,,,,,China,2,Kuwait,1,Italy,3,South Korea,6,Uruguay,1,Libya,1,Eritrea,1,France,4,Tanzania,1,,,Sweden,4,Uruguay,11,Denmark,1,Canada,1,Eritrea,6,Switzerland,3,Iran,2,Sweden,14,Brazil,14,Armenia,1,Germany,87,Spain,7,Netherlands,5,South Africa,14,Netherlands,2,Qatar,1,Bulgaria,1,Hong Kong,2,Bolivia,2,Netherlands,5,Malaysia,11,Congo,3,Russia,4
,,,,,,,,,,Iran,6,,,,,,,,,Norway,2,,,,,Armenia,4,,,Libya,2,,,,,,,Yemen,1,Denmark,1,Estonia,1,United Kingdom,5,Denmark,1,Sweden,2,Azerbaijan,1,Austria,2,Canada,2,Germany,1,,,Cuba,1,Congo,2,,,Italy,2,Kuwait,5,Italy,2,Germany,2,Egypt,1,Czech Republic,1,Qatar,9,Finland,2,Norway,1,,,,,,,,,Russia,3,Bangladesh,1,,,Oman,1,United Kingdom,1,,,,,,,,,Ukraine,2,United Arab Emirates,3,Ireland,1,Mexico,1,,,,,Iran,1,Sudan,1,,,,,,,,,France,3,,,,,Iran,2,Libya,4,Egypt,1,Northern Mariana Islands,1,,,Bahrain,1,,,,,Mexico,1,Ukraine,1,Japan,1,Cyprus,1,Italy,1,Indonesia,1,Pakistan,7,Switzerland,1,Qatar,2,Luxembourg,2,,,,,,,,,Japan,2,South Korea,1,United States,4,United States,1,Iran,5,,,,,Afghanistan,4,Israel,1,Ireland,2,Sweden,6,Iran,2,,,Ukraine,1,Yemen,2,South Africa,1,,,Norway,1,Qatar,1,,,Afghanistan,1,Serbia,2,Philippines,2,Australia,1,Australia,65,Vietnam,12,Bosnia-Herzegovina,1,Netherlands,7,Tanzania,2,Japan,3,Sweden,2,Nauru,5,Hungary,2,Kosovo,7,Saudi Arabia,19,Somalia,5,Haiti,1,Poland,1,Norway,3,Colombia,2
,,,,,,,,,,,,,,,,,,,,United Arab Emirates,2,,,,,Azerbaijan,1,,,Qatar,2,,,,,,,Germany,4,Philippines,1,Iceland,2,Canada,6,Armenia,4,Mauritania,2,Tunisia,2,Russia,5,Qatar,1,,,,,Russia,1,Italy,4,,,Saudi Arabia,2,Malaysia,2,Spain,3,,,,,Israel,6,Gaza Strip,2,Belarus,1,Denmark,1,,,,,,,,,,,,,,,,,Sweden,1,,,,,,,,,Malaysia,1,United Kingdom,2,,,,,,,,,Netherlands,1,,,,,,,,,,,Iran,1,,,,,Greece,2,Italy,8,Uruguay,1,South Sudan,1,,,Iran,1,,,,,,,Uruguay,1,Ireland,1,Czech Republic,1,Nepal,1,Italy,1,Gaza Strip,4,Germany,2,Japan,3,Russia,2,,,,,,,,,,,Australia,1,Qatar,3,Tunisia,2,Yemen,1,,,,,Pakistan,4,Ireland,1,Kenya,2,Iraq,6,Italy,2,,,,,Canada,2,Yemen,1,,,Italy,1,Greece,1,,,Libya,1,China,1,Iraq,1,Albania,1,Senegal,1,Malta,5,Luxembourg,3,China,3,Kuwait,8,Austria,5,Pakistan,1,India,1,Dominican Republic,1,West Bank,2,Kuwait,10,Albania,1,Kazakhstan,2,Cyprus,1,Qatar,1,Spain,1
,,,,,,,,,,,,,,,,,,,,Ethiopia,1,,,,,,,,,Micronesia,1,,,,,,,Serbia,1,France,6,Iraq,15,Australia,1,Australia,4,France,18,Malta,7,Kuwait,4,United States,10,,,,,United Kingdom,4,United Arab Emirates,3,,,Guinea-Bissau,1,Russia,2,Uganda,1,,,,,Sweden,2,Libya,2,Kuwait,1,Kosovo,1,,,,,,,,,,,,,,,,,Ukraine,1,,,,,,,,,Iran,2,Sweden,3,,,,,,,,,Pakistan,1,,,,,,,,,,,Kuwait,2,,,,,Germany,6,Malta,3,Mexico,1,,,,,Sweden,2,,,,,,,,,Afghanistan,1,West Bank,1,South Korea,1,,,West Bank,4,Russia,1,Ecuador,2,,,,,,,,,,,,,Norway,3,Ireland,1,Eritrea,2,Pakistan,1,,,,,Switzerland,5,,,,,Macedonia,1,Austria,1,,,,,Finland,1,Ukraine,1,,,Ukraine,1,,,,,Gaza Strip,3,Germany,1,Afghanistan,1,Bulgaria,4,Saudi Arabia,6,Italy,12,Hungary,55,Slovenia,2,Cuba,1,Afghanistan,2,Armenia,2,Kuwait,5,Iran,4,Israel,4,Afghanistan,16,Malaysia,8,United Arab Emirates,1,Netherlands,4,Pakistan,2,Azerbaijan,1
,,,,,,,,,,,,,,,,,,,,China,1,,,,,,,,,Poland,2,,,,,,,Somalia,14,Belgium,1,Morocco,1,Ireland,2,Iran,2,United Kingdom,6,Oceans,1,Netherlands,3,Iran,4,,,,,Australia,1,Libya,1,,,,,Gaza Strip,2,Saudi Arabia,4,,,,,Bulgaria,3,Puerto Rico,1,Croatia,2,,,,,,,,,,,,,,,,,,,Puerto Rico,1,,,,,,,,,,,Cyprus,1,,,,,,,,,,,,,,,,,,,,,,,,,,,,,Mexico,2,,,,,,,Greece,2,,,,,,,,,Qatar,3,Libya,2,Gaza Strip,1,,,Norway,2,Czech Republic,5,United States,1,,,,,,,,,,,,,Hungary,1,Sri Lanka,4,Canada,3,Spain,3,,,,,Armenia,1,,,,,Greece,1,Hungary,1,,,,,Colombia,3,Czech Republic,4,,,Hungary,1,,,,,Philippines,1,Czech Republic,1,Germany,3,Indonesia,4,Israel,76,Spain,12,Austria,19,Hungary,18,Vietnam,3,Iraq,12,France,8,Lebanon,27,Sweden,4,Sri Lanka,1,Kosovo,3,Jordan,143,Somalia,3,Iran,3,Bahrain,3,Kosovo,1
,,,,,,,,,,,,,,,,,,,,,,,,,,,,,,Brazil,1,,,,,,,Armenia,2,Germany,23,Saudi Arabia,1,Japan,2,China,2,India,1,Northern Mariana Islands,2,,,Switzerland,4,,,,,Luxembourg,1,Switzerland,1,,,,,Central African Republic,1,Ukraine,1,,,,,Germany,2,,,Iran,1,,,,,,,,,,,,,,,,,,,,,,,,,,,,,,,Italy,1,,,,,,,,,,,,,,,,,,,,,,,,,,,,,Germany,8,,,,,,,,,,,,,,,,,Canada,14,Mali,1,,,,,Libya,1,,,Greece,1,,,,,,,,,,,,,Germany,4,China,1,Denmark,2,Uruguay,3,,,,,Libya,3,,,,,Gaza Strip,1,Luxembourg,1,,,,,Afghanistan,6,Hungary,1,,,Iran,1,,,,,Hungary,1,Russia,3,Eritrea,2,Netherlands,3,Oceans,8,Qatar,8,France,18,Italy,7,Ireland,1,Belgium,2,Namibia,4,Pakistan,1,Oceans,3,Ireland,5,Cuba,18,Egypt,29,Hungary,11,Congo,2,Colombia,1,Brazil,1
,,,,,,,,,,,,,,,,,,,,,,,,,,,,,,Kuwait,5,,,,,,,Azerbaijan,1,United Arab Emirates,2,Netherlands,2,Georgia,4,Brazil,1,Saudi Arabia,4,Mexico,1,,,Japan,1,,,,,Egypt,2,,,,,,,Iran,1,Egypt,1,,,,,South Africa,2,,,Japan,1,,,,,,,,,,,,,,,,,,,,,,,,,,,,,,,,,,,,,,,,,,,,,,,,,,,,,,,,,,,,,Netherlands,2,,,,,,,,,,,,,,,,,New Zealand,4,Sierra Leone,1,,,,,,,,,Germany,1,,,,,,,,,,,,,Central African Republic,1,,,Czech Republic,1,South Korea,1,,,,,South Sudan,1,,,,,Kenya,1,,,,,,,Congo,2,Austria,1,,,,,,,,,,,Japan,1,Saudi Arabia,4,Eritrea,6,Yemen,7,Austria,22,Spain,13,Norway,13,Honduras,1,Gaza Strip,6,Egypt,2,Poland,6,Venezuela,1,Guernsey,1,Poland,2,Oceans,2,Sweden,4,Spain,1,Bangladesh,1,Bulgaria,3
,,,,,,,,,,,,,,,,,,,,,,,,,,,,,,Somalia,1,,,,,,,Greece,1,Sweden,31,Brazil,4,Denmark,1,Yemen,1,Azerbaijan,1,Gaza Strip,1,,,Austria,1,,,,,,,,,,,,,Spain,1,Armenia,2,,,,,Iran,2,,,Bahrain,1,,,,,,,,,,,,,,,,,,,,,,,,,,,,,,,,,,,,,,,,,,,,,,,,,,,,,,,,,,,,,Oceans,1,,,,,,,,,,,,,,,,,Armenia,2,South Korea,1,,,,,,,,,West Bank,1,,,,,,,,,,,,,Belarus,1,,,Netherlands,15,United Arab Emirates,3,,,,,Nepal,1,,,,,Nepal,2,,,,,,,South Korea,4,,,,,,,,,,,,,,,Macedonia,3,Burundi,2,Afghanistan,9,Venezuela,13,South Korea,3,Tunisia,1,Montenegro,1,Eritrea,2,Iran,5,Afghanistan,2,Panama,2,Serbia,6,Oceans,3,Saudi Arabia,7,Italy,1,Cuba,4,Mexico,7,Bangladesh,2
,,,,,,,,,,,,,,,,,,,,,,,,,,,,,,Czech Republic,1,,,,,,,Bulgaria,1,Egypt,17,Greece,3,Finland,4,,,Italy,4,Belarus,1,,,Armenia,2,,,,,,,,,,,,,Ireland,1,,,,,,,Greece,2,,,,,,,,,,,,,,,,,,,,,,,,,,,,,,,,,,,,,,,,,,,,,,,,,,,,,,,,,,,,,,,,,New Zealand,1,,,,,,,,,,,,,,,,,Denmark,1,Qatar,2,,,,,,,,,Kosovo,2,,,,,,,,,,,,,Austria,1,,,Luxembourg,4,Austria,1,,,,,France,9,,,,,,,,,,,,,West Bank,2,,,,,,,,,,,,,,,Bulgaria,1,Russia,1,Kenya,3,India,4,Slovenia,6,Oman,1,Austria,6,Nigeria,1,China,5,Austria,1,Jersey,2,Hungary,10,Pakistan,2,Germany,56,Bolivia,1,Somalia,2,Afghanistan,7,Iran,2
,,,,,,,,,,,,,,,,,,,,,,,,,,,,,,,,,,,,,,Qatar,3,Iceland,2,Albania,2,West Bank,2,,,Germany,2,Yemen,1,,,West Bank,1,,,,,,,,,,,,,Qatar,1,,,,,,,,,,,,,,,,,,,,,,,,,,,,,,,,,,,,,,,,,,,,,,,,,,,,,,,,,,,,,,,,,,,,,,,,,Ireland,2,,,,,,,,,,,,,,,,,Albania,2,Kuwait,2,,,,,,,,,Congo,1,,,,,,,,,,,,,Uganda,1,,,Nepal,1,,,,,,,Sierra Leone,4,,,,,,,,,,,,,Saudi Arabia,1,,,,,,,,,,,,,,,,,Antigua and Barbuda,4,Ireland,10,Denmark,10,Iran,7,United Arab Emirates,7,Malaysia,11,Greece,18,Oceans,3,Sudan,1,Macedonia,4,Switzerland,1,Myanmar,6,Turkmenistan,3,New Zealand,1,Russia,5,Ukraine,1,China,1
,,,,,,,,,,,,,,,,,,,,,,,,,,,,,,,,,,,,,,Libya,1,Pakistan,2,France,5,New Zealand,1,,,,,,,,,,,,,,,,,,,,,,,United Arab Emirates,1,,,,,,,,,,,,,,,,,,,,,,,,,,,,,,,,,,,,,,,,,,,,,,,,,,,,,,,,,,,,,,,,,,,,,,,,,Japan,2,,,,,,,,,,,,,,,,,Norway,3,,,,,,,,,,,,,,,,,,,,,,,,,Ireland,1,,,Gaza Strip,1,,,,,,,Kuwait,18,,,,,,,,,,,,,Luxembourg,2,,,,,,,,,,,,,,,,,Norway,3,France,20,Egypt,42,Netherlands,4,Egypt,11,Pakistan,2,Hungary,5,Croatia,2,Brazil,5,Ukraine,7,United Arab Emirates,1,Italy,3,Haiti,5,Armenia,5,Hungary,3,Saudi Arabia,6,Jersey,5
,,,,,,,,,,,,,,,,,,,,,,,,,,,,,,,,,,,,,,,,Lithuania,1,Venezuela,2,Iran,2,,,,,,,,,,,,,,,,,,,,,,,,,,,,,,,,,,,,,,,,,,,,,,,,,,,,,,,,,,,,,,,,,,,,,,,,,,,,,,,,,,,,,,,,,,,,,,,,,Spain,1,,,,,,,,,,,,,,,,,,,,,,,,,,,,,,,,,,,,,,,,,,,Brazil,1,,,Austria,1,,,,,,,Canada,3,,,,,,,,,,,,,Russia,2,,,,,,,,,,,,,,,,,Canada,1,Sudan,2,North Korea,3,Eritrea,3,Belgium,13,Denmark,1,Kuwait,5,Hungary,1,Bulgaria,1,Somalia,1,Malta,6,Bhutan,1,Philippines,1,Israel,12,Gaza Strip,3,Cyprus,2,Mexico,1
,,,,,,,,,,,,,,,,,,,,,,,,,,,,,,,,,,,,,,,,Afghanistan,1,Romania,1,Congo,1,,,,,,,,,,,,,,,,,,,,,,,,,,,,,,,,,,,,,,,,,,,,,,,,,,,,,,,,,,,,,,,,,,,,,,,,,,,,,,,,,,,,,,,,,,,,,,,,,South Korea,2,,,,,,,,,,,,,,,,,,,,,,,,,,,,,,,,,,,,,,,,,,,,,,,Saudi Arabia,1,,,,,,,Senegal,2,,,,,,,,,,,,,Hungary,2,,,,,,,,,,,,,,,,,Iceland,1,Libya,6,South Korea,2,Oceans,4,Haiti,1,Qatar,3,Egypt,33,Austria,4,Kosovo,5,Ireland,2,China,1,Niger,2,Russia,23,Belgium,1,Nepal,3,Sudan,1,Australia,11
,,,,,,,,,,,,,,,,,,,,,,,,,,,,,,,,,,,,,,,,Ireland,2,India,1,,,,,,,,,,,,,,,,,,,,,,,,,,,,,,,,,,,,,,,,,,,,,,,,,,,,,,,,,,,,,,,,,,,,,,,,,,,,,,,,,,,,,,,,,,,,,,,,,,,Armenia,1,,,,,,,,,,,,,,,,,,,,,,,,,,,,,,,,,,,,,,,,,,,,,,,Iran,1,,,,,,,Burundi,4,,,,,,,,,,,,,Tanzania,8,,,,,,,,,,,,,,,,,Oceans,4,Uganda,2,Czech Republic,7,Chad,1,Switzerland,4,Mexico,4,Norway,4,Sudan,6,Saudi Arabia,6,Austria,1,Italy,3,Georgia,7,Jersey,5,Iran,4,Chad,1,New Zealand,2,Somalia,3
,,,,,,,,,,,,,,,,,,,,,,,,,,,,,,,,,,,,,,,,Iran,4,Pakistan,1,,,,,,,,,,,,,,,,,,,,,,,,,,,,,,,,,,,,,,,,,,,,,,,,,,,,,,,,,,,,,,,,,,,,,,,,,,,,,,,,,,,,,,,,,,,,,,,,,,,Belgium,1,,,,,,,,,,,,,,,,,,,,,,,,,,,,,,,,,,,,,,,,,,,,,,,,,,,,,,,,,,,,,,,,,,,,,Pakistan,2,,,,,,,,,,,,,,,,,Egypt,1,Spain,11,Bahrain,73,Brazil,8,Kuwait,3,Sweden,2,Italy,8,Ukraine,1,Slovenia,2,Denmark,2,Austria,3,Portugal,2,Israel,19,Serbia,3,Mali,2,Yemen,2,Sudan,3
,,,,,,,,,,,,,,,,,,,,,,,,,,,,,,,,,,,,,,,,Kuwait,3,,,,,,,,,,,,,,,,,,,,,,,,,,,,,,,,,,,,,,,,,,,,,,,,,,,,,,,,,,,,,,,,,,,,,,,,,,,,,,,,,,,,,,,,,,,,,,,,,,,,,United Arab Emirates,3,,,,,,,,,,,,,,,,,,,,,,,,,,,,,,,,,,,,,,,,,,,,,,,,,,,,,,,,,,,,,,,,,,,,,Belgium,1,,,,,,,,,,,,,,,,,Qatar,1,United Arab Emirates,31,Cyprus,11,Cuba,9,Albania,1,Belgium,10,Ireland,1,Malta,2,Italy,2,Russia,2,Libya,1,Rwanda,2,Portugal,6,Ireland,1,Kosovo,26,Belgium,10,New Zealand,1
,,,,,,,,,,,,,,,,,,,,,,,,,,,,,,,,,,,,,,,,Kosovo,1,,,,,,,,,,,,,,,,,,,,,,,,,,,,,,,,,,,,,,,,,,,,,,,,,,,,,,,,,,,,,,,,,,,,,,,,,,,,,,,,,,,,,,,,,,,,,,,,,,,,,Qatar,1,,,,,,,,,,,,,,,,,,,,,,,,,,,,,,,,,,,,,,,,,,,,,,,,,,,,,,,,,,,,,,,,,,,,,Australia,1,,,,,,,,,,,,,,,,,,,Russia,4,Kuwait,16,Ukraine,6,Japan,9,Bhutan,1,South Africa,2,Switzerland,1,Croatia,1,Croatia,1,Hong Kong,1,Ireland,9,Jamaica,2,Australia,5,Uganda,5,Iran,4,Ethiopia,1
,,,,,,,,,,,,,,,,,,,,,,,,,,,,,,,,,,,,,,,,Libya,2,,,,,,,,,,,,,,,,,,,,,,,,,,,,,,,,,,,,,,,,,,,,,,,,,,,,,,,,,,,,,,,,,,,,,,,,,,,,,,,,,,,,,,,,,,,,,,,,,,,,,,,,,,,,,,,,,,,,,,,,,,,,,,,,,,,,,,,,,,,,,,,,,,,,,,,,,,,,,,,,,,,,,,,,,,,Bangladesh,1,,,,,,,,,,,,,,,,,,,Brazil,7,Macedonia,9,Israel,43,Sweden,4,Oman,1,New Zealand,2,Czech Republic,1,China,2,Afghanistan,5,Czech Republic,1,Micronesia,1,Macedonia,8,Libya,1,Saudi Arabia,5,Netherlands,3,Malaysia,2
,,,,,,,,,,,,,,,,,,,,,,,,,,,,,,,,,,,,,,,,Argentina,1,,,,,,,,,,,,,,,,,,,,,,,,,,,,,,,,,,,,,,,,,,,,,,,,,,,,,,,,,,,,,,,,,,,,,,,,,,,,,,,,,,,,,,,,,,,,,,,,,,,,,,,,,,,,,,,,,,,,,,,,,,,,,,,,,,,,,,,,,,,,,,,,,,,,,,,,,,,,,,,,,,,,,,,,,,,Austria,1,,,,,,,,,,,,,,,,,,,Netherlands,3,Switzerland,9,Switzerland,6,Yemen,1,Macedonia,1,Latvia,1,Finland,4,France,12,Serbia,2,Sweden,2,Russia,11,Kuwait,5,Switzerland,4,Vietnam,5,Austria,8,Austria,4
,,,,,,,,,,,,,,,,,,,,,,,,,,,,,,,,,,,,,,,,Spain,1,,,,,,,,,,,,,,,,,,,,,,,,,,,,,,,,,,,,,,,,,,,,,,,,,,,,,,,,,,,,,,,,,,,,,,,,,,,,,,,,,,,,,,,,,,,,,,,,,,,,,,,,,,,,,,,,,,,,,,,,,,,,,,,,,,,,,,,,,,,,,,,,,,,,,,,,,,,,,,,,,,,,,,,,,,,Switzerland,1,,,,,,,,,,,,,,,,,,,Estonia,1,China,12,South Africa,8,Oceans,6,Libya,3,Armenia,1,Australia,1,Sweden,7,Thailand,2,Saudi Arabia,2,Belgium,5,Brazil,1,Slovenia,1,Croatia,1,Croatia,1,Japan,4
,,,,,,,,,,,,,,,,,,,,,,,,,,,,,,,,,,,,,,,,Morocco,2,,,,,,,,,,,,,,,,,,,,,,,,,,,,,,,,,,,,,,,,,,,,,,,,,,,,,,,,,,,,,,,,,,,,,,,,,,,,,,,,,,,,,,,,,,,,,,,,,,,,,,,,,,,,,,,,,,,,,,,,,,,,,,,,,,,,,,,,,,,,,,,,,,,,,,,,,,,,,,,,,,,,,,,,,,,Central African Republic,1,,,,,,,,,,,,,,,,,,,Czechoslovakia,1,Ireland,17,Ireland,3,Eritrea,3,Argentina,1,United Arab Emirates,2,Bosnia-Herzegovina,1,Malaysia,2,China,3,Uruguay,1,China,4,Georgia,2,Iceland,1,Italy,4,Zambia,1,Qatar,1
,,,,,,,,,,,,,,,,,,,,,,,,,,,,,,,,,,,,,,,,Netherlands,1,,,,,,,,,,,,,,,,,,,,,,,,,,,,,,,,,,,,,,,,,,,,,,,,,,,,,,,,,,,,,,,,,,,,,,,,,,,,,,,,,,,,,,,,,,,,,,,,,,,,,,,,,,,,,,,,,,,,,,,,,,,,,,,,,,,,,,,,,,,,,,,,,,,,,,,,,,,,,,,,,,,,,,,,,,,Somalia,2,,,,,,,,,,,,,,,,,,,Egypt,24,Philippines,6,Libya,3,Ireland,10,Dominican Republic,1,Serbia,1,Slovenia,2,Iran,5,Albania,3,Kuwait,9,Iceland,3,Armenia,3,South Africa,1,Belgium,2,Sri Lanka,1,Libya,1
,,,,,,,,,,,,,,,,,,,,,,,,,,,,,,,,,,,,,,,,China,2,,,,,,,,,,,,,,,,,,,,,,,,,,,,,,,,,,,,,,,,,,,,,,,,,,,,,,,,,,,,,,,,,,,,,,,,,,,,,,,,,,,,,,,,,,,,,,,,,,,,,,,,,,,,,,,,,,,,,,,,,,,,,,,,,,,,,,,,,,,,,,,,,,,,,,,,,,,,,,,,,,,,,,,,,,,,,,,,,,,,,,,,,,,,,,,Serbia,4,Saudi Arabia,45,United Arab Emirates,7,Costa Rica,2,Eritrea,2,Hong Kong,2,Serbia,1,United Arab Emirates,2,Saudi Arabia,1,Slovenia,1,Serbia,3,Poland,5,Macedonia,3,Philippines,3,Sweden,2,Philippines,1
,,,,,,,,,,,,,,,,,,,,,,,,,,,,,,,,,,,,,,,,,,,,,,,,,,,,,,,,,,,,,,,,,,,,,,,,,,,,,,,,,,,,,,,,,,,,,,,,,,,,,,,,,,,,,,,,,,,,,,,,,,,,,,,,,,,,,,,,,,,,,,,,,,,,,,,,,,,,,,,,,,,,,,,,,,,,,,,,,,,,,,,,,,,,,,,,,,,,,,,,,,,,,,,,,,,,,,,,,,,,,,,,,,,,,,,,Qatar,6,Luxembourg,8,Philippines,7,Pakistan,3,Czech Republic,1,Bulgaria,3,Uruguay,2,Armenia,1,Norway,1,Uganda,1,Congo,4,Bosnia-Herzegovina,8,Vietnam,4,Pakistan,1,Eritrea,1,Rwanda,1
,,,,,,,,,,,,,,,,,,,,,,,,,,,,,,,,,,,,,,,,,,,,,,,,,,,,,,,,,,,,,,,,,,,,,,,,,,,,,,,,,,,,,,,,,,,,,,,,,,,,,,,,,,,,,,,,,,,,,,,,,,,,,,,,,,,,,,,,,,,,,,,,,,,,,,,,,,,,,,,,,,,,,,,,,,,,,,,,,,,,,,,,,,,,,,,,,,,,,,,,,,,,,,,,,,,,,,,,,,,,,,,,,,,,,,,,Portugal,3,Russia,19,Iraq,28,Mexico,7,Brazil,2,,,,,Ireland,2,,,India,2,Panama,1,Hungary,2,Pakistan,6,Mexico,1,Egypt,2,Armenia,1
,,,,,,,,,,,,,,,,,,,,,,,,,,,,,,,,,,,,,,,,,,,,,,,,,,,,,,,,,,,,,,,,,,,,,,,,,,,,,,,,,,,,,,,,,,,,,,,,,,,,,,,,,,,,,,,,,,,,,,,,,,,,,,,,,,,,,,,,,,,,,,,,,,,,,,,,,,,,,,,,,,,,,,,,,,,,,,,,,,,,,,,,,,,,,,,,,,,,,,,,,,,,,,,,,,,,,,,,,,,,,,,,,,,,,,,,Croatia,2,Oceans,5,Cambodia,1,New Zealand,1,West Bank,1,,,,,Iceland,1,,,Somalia,3,Qatar,1,Denmark,1,Bulgaria,2,Japan,1,Cote dIvoire,2,Ukraine,1
,,,,,,,,,,,,,,,,,,,,,,,,,,,,,,,,,,,,,,,,,,,,,,,,,,,,,,,,,,,,,,,,,,,,,,,,,,,,,,,,,,,,,,,,,,,,,,,,,,,,,,,,,,,,,,,,,,,,,,,,,,,,,,,,,,,,,,,,,,,,,,,,,,,,,,,,,,,,,,,,,,,,,,,,,,,,,,,,,,,,,,,,,,,,,,,,,,,,,,,,,,,,,,,,,,,,,,,,,,,,,,,,,,,,,,,,Niger,1,Argentina,6,Denmark,5,Czechoslovakia,4,Nigeria,1,,,,,Serbia,4,,,Nigeria,2,Philippines,26,Ethiopia,2,Guam,1,Czech Republic,2,Italy,2,Hungary,1
,,,,,,,,,,,,,,,,,,,,,,,,,,,,,,,,,,,,,,,,,,,,,,,,,,,,,,,,,,,,,,,,,,,,,,,,,,,,,,,,,,,,,,,,,,,,,,,,,,,,,,,,,,,,,,,,,,,,,,,,,,,,,,,,,,,,,,,,,,,,,,,,,,,,,,,,,,,,,,,,,,,,,,,,,,,,,,,,,,,,,,,,,,,,,,,,,,,,,,,,,,,,,,,,,,,,,,,,,,,,,,,,,,,,,,,,Vietnam,12,Chile,8,Poland,3,Argentina,2,France,5,,,,,Mexico,1,,,Vietnam,2,Venezuela,1,Antarctica,1,Philippines,1,Haiti,1,Ethiopia,1,Oceans,2
,,,,,,,,,,,,,,,,,,,,,,,,,,,,,,,,,,,,,,,,,,,,,,,,,,,,,,,,,,,,,,,,,,,,,,,,,,,,,,,,,,,,,,,,,,,,,,,,,,,,,,,,,,,,,,,,,,,,,,,,,,,,,,,,,,,,,,,,,,,,,,,,,,,,,,,,,,,,,,,,,,,,,,,,,,,,,,,,,,,,,,,,,,,,,,,,,,,,,,,,,,,,,,,,,,,,,,,,,,,,,,,,,,,,,,,,Switzerland,12,Jersey,7,Rwanda,1,Vietnam,9,China,1,,,,,Vietnam,2,,,Qatar,1,Bulgaria,1,Sweden,22,Afghanistan,1,Bahrain,3,Denmark,1,Zimbabwe,1
,,,,,,,,,,,,,,,,,,,,,,,,,,,,,,,,,,,,,,,,,,,,,,,,,,,,,,,,,,,,,,,,,,,,,,,,,,,,,,,,,,,,,,,,,,,,,,,,,,,,,,,,,,,,,,,,,,,,,,,,,,,,,,,,,,,,,,,,,,,,,,,,,,,,,,,,,,,,,,,,,,,,,,,,,,,,,,,,,,,,,,,,,,,,,,,,,,,,,,,,,,,,,,,,,,,,,,,,,,,,,,,,,,,,,,,,Argentina,4,Poland,3,Vietnam,1,Romania,1,Japan,3,,,,,Brunei,1,,,Macedonia,1,Jersey,7,Yemen,4,Portugal,1,Malta,1,Puerto Rico,1,Slovenia,1
,,,,,,,,,,,,,,,,,,,,,,,,,,,,,,,,,,,,,,,,,,,,,,,,,,,,,,,,,,,,,,,,,,,,,,,,,,,,,,,,,,,,,,,,,,,,,,,,,,,,,,,,,,,,,,,,,,,,,,,,,,,,,,,,,,,,,,,,,,,,,,,,,,,,,,,,,,,,,,,,,,,,,,,,,,,,,,,,,,,,,,,,,,,,,,,,,,,,,,,,,,,,,,,,,,,,,,,,,,,,,,,,,,,,,,,,Uruguay,31,Libya,2,Somalia,4,Malta,1,Serbia,3,,,,,Ukraine,2,,,,,Ethiopia,3,Iran,7,Liberia,3,Kazakhstan,1,Kuwait,3,Egypt,3
,,,,,,,,,,,,,,,,,,,,,,,,,,,,,,,,,,,,,,,,,,,,,,,,,,,,,,,,,,,,,,,,,,,,,,,,,,,,,,,,,,,,,,,,,,,,,,,,,,,,,,,,,,,,,,,,,,,,,,,,,,,,,,,,,,,,,,,,,,,,,,,,,,,,,,,,,,,,,,,,,,,,,,,,,,,,,,,,,,,,,,,,,,,,,,,,,,,,,,,,,,,,,,,,,,,,,,,,,,,,,,,,,,,,,,,,China,4,Afghanistan,3,Malta,1,Czech Republic,2,Iceland,1,,,,,Denmark,1,,,,,India,3,Kosovo,16,Egypt,2,Eritrea,1,Switzerland,1,,
,,,,,,,,,,,,,,,,,,,,,,,,,,,,,,,,,,,,,,,,,,,,,,,,,,,,,,,,,,,,,,,,,,,,,,,,,,,,,,,,,,,,,,,,,,,,,,,,,,,,,,,,,,,,,,,,,,,,,,,,,,,,,,,,,,,,,,,,,,,,,,,,,,,,,,,,,,,,,,,,,,,,,,,,,,,,,,,,,,,,,,,,,,,,,,,,,,,,,,,,,,,,,,,,,,,,,,,,,,,,,,,,,,,,,,,,Denmark,3,Papua New Guinea,9,China,9,Kosovo,2,Croatia,2,,,,,,,,,,,Ukraine,2,Uganda,10,Lithuania,1,New Zealand,2,Uganda,1,,
,,,,,,,,,,,,,,,,,,,,,,,,,,,,,,,,,,,,,,,,,,,,,,,,,,,,,,,,,,,,,,,,,,,,,,,,,,,,,,,,,,,,,,,,,,,,,,,,,,,,,,,,,,,,,,,,,,,,,,,,,,,,,,,,,,,,,,,,,,,,,,,,,,,,,,,,,,,,,,,,,,,,,,,,,,,,,,,,,,,,,,,,,,,,,,,,,,,,,,,,,,,,,,,,,,,,,,,,,,,,,,,,,,,,,,,,Congo,1,Norway,16,Czech Republic,2,Poland,1,,,,,,,,,,,,,Somalia,3,China,4,Sudan,1,Kuwait,1,India,1,,
,,,,,,,,,,,,,,,,,,,,,,,,,,,,,,,,,,,,,,,,,,,,,,,,,,,,,,,,,,,,,,,,,,,,,,,,,,,,,,,,,,,,,,,,,,,,,,,,,,,,,,,,,,,,,,,,,,,,,,,,,,,,,,,,,,,,,,,,,,,,,,,,,,,,,,,,,,,,,,,,,,,,,,,,,,,,,,,,,,,,,,,,,,,,,,,,,,,,,,,,,,,,,,,,,,,,,,,,,,,,,,,,,,,,,,,,Armenia,1,Morocco,2,Croatia,12,Macedonia,6,,,,,,,,,,,,,Netherlands,2,Singapore,2,Nigeria,1,Uzbekistan,1,Sierra Leone,1,,
,,,,,,,,,,,,,,,,,,,,,,,,,,,,,,,,,,,,,,,,,,,,,,,,,,,,,,,,,,,,,,,,,,,,,,,,,,,,,,,,,,,,,,,,,,,,,,,,,,,,,,,,,,,,,,,,,,,,,,,,,,,,,,,,,,,,,,,,,,,,,,,,,,,,,,,,,,,,,,,,,,,,,,,,,,,,,,,,,,,,,,,,,,,,,,,,,,,,,,,,,,,,,,,,,,,,,,,,,,,,,,,,,,,,,,,,Poland,5,Japan,13,Serbia,6,Afghanistan,4,,,,,,,,,,,,,Sweden,4,India,2,India,1,Guyana,1,,,,
,,,,,,,,,,,,,,,,,,,,,,,,,,,,,,,,,,,,,,,,,,,,,,,,,,,,,,,,,,,,,,,,,,,,,,,,,,,,,,,,,,,,,,,,,,,,,,,,,,,,,,,,,,,,,,,,,,,,,,,,,,,,,,,,,,,,,,,,,,,,,,,,,,,,,,,,,,,,,,,,,,,,,,,,,,,,,,,,,,,,,,,,,,,,,,,,,,,,,,,,,,,,,,,,,,,,,,,,,,,,,,,,,,,,,,,,Norway,4,Pakistan,7,Gaza Strip,4,Algeria,1,,,,,,,,,,,,,Armenia,4,Eritrea,1,Thailand,2,West Bank,2,,,,
,,,,,,,,,,,,,,,,,,,,,,,,,,,,,,,,,,,,,,,,,,,,,,,,,,,,,,,,,,,,,,,,,,,,,,,,,,,,,,,,,,,,,,,,,,,,,,,,,,,,,,,,,,,,,,,,,,,,,,,,,,,,,,,,,,,,,,,,,,,,,,,,,,,,,,,,,,,,,,,,,,,,,,,,,,,,,,,,,,,,,,,,,,,,,,,,,,,,,,,,,,,,,,,,,,,,,,,,,,,,,,,,,,,,,,,,Tunisia,2,Iceland,11,Czechoslovakia,4,Luxembourg,2,,,,,,,,,,,,,South Korea,1,Netherlands,2,,,India,1,,,,
,,,,,,,,,,,,,,,,,,,,,,,,,,,,,,,,,,,,,,,,,,,,,,,,,,,,,,,,,,,,,,,,,,,,,,,,,,,,,,,,,,,,,,,,,,,,,,,,,,,,,,,,,,,,,,,,,,,,,,,,,,,,,,,,,,,,,,,,,,,,,,,,,,,,,,,,,,,,,,,,,,,,,,,,,,,,,,,,,,,,,,,,,,,,,,,,,,,,,,,,,,,,,,,,,,,,,,,,,,,,,,,,,,,,,,,,Kuwait,1,Nauru,16,Macedonia,3,Vatican City,2,,,,,,,,,,,,,Japan,20,Austria,1,,,Ethiopia,1,,,,
,,,,,,,,,,,,,,,,,,,,,,,,,,,,,,,,,,,,,,,,,,,,,,,,,,,,,,,,,,,,,,,,,,,,,,,,,,,,,,,,,,,,,,,,,,,,,,,,,,,,,,,,,,,,,,,,,,,,,,,,,,,,,,,,,,,,,,,,,,,,,,,,,,,,,,,,,,,,,,,,,,,,,,,,,,,,,,,,,,,,,,,,,,,,,,,,,,,,,,,,,,,,,,,,,,,,,,,,,,,,,,,,,,,,,,,,Bahrain,1,Belgium,14,Venezuela,5,Denmark,1,,,,,,,,,,,,,Romania,2,Iceland,3,,,Kenya,1,,,,
,,,,,,,,,,,,,,,,,,,,,,,,,,,,,,,,,,,,,,,,,,,,,,,,,,,,,,,,,,,,,,,,,,,,,,,,,,,,,,,,,,,,,,,,,,,,,,,,,,,,,,,,,,,,,,,,,,,,,,,,,,,,,,,,,,,,,,,,,,,,,,,,,,,,,,,,,,,,,,,,,,,,,,,,,,,,,,,,,,,,,,,,,,,,,,,,,,,,,,,,,,,,,,,,,,,,,,,,,,,,,,,,,,,,,,,,Cyprus,7,Albania,3,Bangladesh,1,Angola,1,,,,,,,,,,,,,Eritrea,1,Croatia,3,,,Norway,1,,,,
,,,,,,,,,,,,,,,,,,,,,,,,,,,,,,,,,,,,,,,,,,,,,,,,,,,,,,,,,,,,,,,,,,,,,,,,,,,,,,,,,,,,,,,,,,,,,,,,,,,,,,,,,,,,,,,,,,,,,,,,,,,,,,,,,,,,,,,,,,,,,,,,,,,,,,,,,,,,,,,,,,,,,,,,,,,,,,,,,,,,,,,,,,,,,,,,,,,,,,,,,,,,,,,,,,,,,,,,,,,,,,,,,,,,,,,,Luxembourg,1,Belarus,2,Afghanistan,1,Ukraine,3,,,,,,,,,,,,,Czechoslovakia,2,Libya,2,,,Oceans,1,,,,
,,,,,,,,,,,,,,,,,,,,,,,,,,,,,,,,,,,,,,,,,,,,,,,,,,,,,,,,,,,,,,,,,,,,,,,,,,,,,,,,,,,,,,,,,,,,,,,,,,,,,,,,,,,,,,,,,,,,,,,,,,,,,,,,,,,,,,,,,,,,,,,,,,,,,,,,,,,,,,,,,,,,,,,,,,,,,,,,,,,,,,,,,,,,,,,,,,,,,,,,,,,,,,,,,,,,,,,,,,,,,,,,,,,,,,,,Chile,2,Uganda,3,West Bank,5,South Africa,1,,,,,,,,,,,,,Croatia,1,Pakistan,1,,,Czechoslovakia,1,,,,
,,,,,,,,,,,,,,,,,,,,,,,,,,,,,,,,,,,,,,,,,,,,,,,,,,,,,,,,,,,,,,,,,,,,,,,,,,,,,,,,,,,,,,,,,,,,,,,,,,,,,,,,,,,,,,,,,,,,,,,,,,,,,,,,,,,,,,,,,,,,,,,,,,,,,,,,,,,,,,,,,,,,,,,,,,,,,,,,,,,,,,,,,,,,,,,,,,,,,,,,,,,,,,,,,,,,,,,,,,,,,,,,,,,,,,,,Pakistan,4,Iran,4,Cyprus,2,South Sudan,1,,,,,,,,,,,,,Yemen,1,Ukraine,2,,,,,,,,
,,,,,,,,,,,,,,,,,,,,,,,,,,,,,,,,,,,,,,,,,,,,,,,,,,,,,,,,,,,,,,,,,,,,,,,,,,,,,,,,,,,,,,,,,,,,,,,,,,,,,,,,,,,,,,,,,,,,,,,,,,,,,,,,,,,,,,,,,,,,,,,,,,,,,,,,,,,,,,,,,,,,,,,,,,,,,,,,,,,,,,,,,,,,,,,,,,,,,,,,,,,,,,,,,,,,,,,,,,,,,,,,,,,,,,,,Kosovo,3,Montenegro,3,Bulgaria,3,Gabon,2,,,,,,,,,,,,,United Arab Emirates,2,Ireland,4,,,,,,,,
,,,,,,,,,,,,,,,,,,,,,,,,,,,,,,,,,,,,,,,,,,,,,,,,,,,,,,,,,,,,,,,,,,,,,,,,,,,,,,,,,,,,,,,,,,,,,,,,,,,,,,,,,,,,,,,,,,,,,,,,,,,,,,,,,,,,,,,,,,,,,,,,,,,,,,,,,,,,,,,,,,,,,,,,,,,,,,,,,,,,,,,,,,,,,,,,,,,,,,,,,,,,,,,,,,,,,,,,,,,,,,,,,,,,,,,,Finland,1,Cambodia,5,Panama,1,Tanzania,1,,,,,,,,,,,,,Colombia,1,Tunisia,5,,,,,,,,
,,,,,,,,,,,,,,,,,,,,,,,,,,,,,,,,,,,,,,,,,,,,,,,,,,,,,,,,,,,,,,,,,,,,,,,,,,,,,,,,,,,,,,,,,,,,,,,,,,,,,,,,,,,,,,,,,,,,,,,,,,,,,,,,,,,,,,,,,,,,,,,,,,,,,,,,,,,,,,,,,,,,,,,,,,,,,,,,,,,,,,,,,,,,,,,,,,,,,,,,,,,,,,,,,,,,,,,,,,,,,,,,,,,,,,,,Nicaragua,1,Czechoslovakia,3,Vatican City,3,Rwanda,2,,,,,,,,,,,,,Malta,1,United Arab Emirates,2,,,,,,,,
,,,,,,,,,,,,,,,,,,,,,,,,,,,,,,,,,,,,,,,,,,,,,,,,,,,,,,,,,,,,,,,,,,,,,,,,,,,,,,,,,,,,,,,,,,,,,,,,,,,,,,,,,,,,,,,,,,,,,,,,,,,,,,,,,,,,,,,,,,,,,,,,,,,,,,,,,,,,,,,,,,,,,,,,,,,,,,,,,,,,,,,,,,,,,,,,,,,,,,,,,,,,,,,,,,,,,,,,,,,,,,,,,,,,,,,,North Korea,2,Eritrea,1,Yemen,4,Nigeria,1,,,,,,,,,,,,,Antarctica,1,Norway,2,,,,,,,,
,,,,,,,,,,,,,,,,,,,,,,,,,,,,,,,,,,,,,,,,,,,,,,,,,,,,,,,,,,,,,,,,,,,,,,,,,,,,,,,,,,,,,,,,,,,,,,,,,,,,,,,,,,,,,,,,,,,,,,,,,,,,,,,,,,,,,,,,,,,,,,,,,,,,,,,,,,,,,,,,,,,,,,,,,,,,,,,,,,,,,,,,,,,,,,,,,,,,,,,,,,,,,,,,,,,,,,,,,,,,,,,,,,,,,,,,South Korea,2,Colombia,1,Kuwait,4,Burundi,1,,,,,,,,,,,,,Mali,2,Colombia,1,,,,,,,,
,,,,,,,,,,,,,,,,,,,,,,,,,,,,,,,,,,,,,,,,,,,,,,,,,,,,,,,,,,,,,,,,,,,,,,,,,,,,,,,,,,,,,,,,,,,,,,,,,,,,,,,,,,,,,,,,,,,,,,,,,,,,,,,,,,,,,,,,,,,,,,,,,,,,,,,,,,,,,,,,,,,,,,,,,,,,,,,,,,,,,,,,,,,,,,,,,,,,,,,,,,,,,,,,,,,,,,,,,,,,,,,,,,,,,,,,India,4,Ukraine,3,New Zealand,2,Malaysia,1,,,,,,,,,,,,,Bahrain,1,Malta,1,,,,,,,,
,,,,,,,,,,,,,,,,,,,,,,,,,,,,,,,,,,,,,,,,,,,,,,,,,,,,,,,,,,,,,,,,,,,,,,,,,,,,,,,,,,,,,,,,,,,,,,,,,,,,,,,,,,,,,,,,,,,,,,,,,,,,,,,,,,,,,,,,,,,,,,,,,,,,,,,,,,,,,,,,,,,,,,,,,,,,,,,,,,,,,,,,,,,,,,,,,,,,,,,,,,,,,,,,,,,,,,,,,,,,,,,,,,,,,,,,Venezuela,1,Burundi,1,Central African Republic,1,India,1,,,,,,,,,,,,,Honduras,1,Qatar,4,,,,,,,,
,,,,,,,,,,,,,,,,,,,,,,,,,,,,,,,,,,,,,,,,,,,,,,,,,,,,,,,,,,,,,,,,,,,,,,,,,,,,,,,,,,,,,,,,,,,,,,,,,,,,,,,,,,,,,,,,,,,,,,,,,,,,,,,,,,,,,,,,,,,,,,,,,,,,,,,,,,,,,,,,,,,,,,,,,,,,,,,,,,,,,,,,,,,,,,,,,,,,,,,,,,,,,,,,,,,,,,,,,,,,,,,,,,,,,,,,Algeria,2,Tanzania,1,Bahrain,11,South Korea,1,,,,,,,,,,,,,Switzerland,1,Bahrain,1,,,,,,,,
,,,,,,,,,,,,,,,,,,,,,,,,,,,,,,,,,,,,,,,,,,,,,,,,,,,,,,,,,,,,,,,,,,,,,,,,,,,,,,,,,,,,,,,,,,,,,,,,,,,,,,,,,,,,,,,,,,,,,,,,,,,,,,,,,,,,,,,,,,,,,,,,,,,,,,,,,,,,,,,,,,,,,,,,,,,,,,,,,,,,,,,,,,,,,,,,,,,,,,,,,,,,,,,,,,,,,,,,,,,,,,,,,,,,,,,,,,Mexico,6,Japan,1,Bangladesh,1,,,,,,,,,,,,,Macedonia,1,Cyprus,3,,,,,,,,
,,,,,,,,,,,,,,,,,,,,,,,,,,,,,,,,,,,,,,,,,,,,,,,,,,,,,,,,,,,,,,,,,,,,,,,,,,,,,,,,,,,,,,,,,,,,,,,,,,,,,,,,,,,,,,,,,,,,,,,,,,,,,,,,,,,,,,,,,,,,,,,,,,,,,,,,,,,,,,,,,,,,,,,,,,,,,,,,,,,,,,,,,,,,,,,,,,,,,,,,,,,,,,,,,,,,,,,,,,,,,,,,,,,,,,,,,,Gibraltar,1,Qatar,4,,,,,,,,,,,,,,,Bahamas, The,West Bank,1,,,,,,,,
,,,,,,,,,,,,,,,,,,,,,,,,,,,,,,,,,,,,,,,,,,,,,,,,,,,,,,,,,,,,,,,,,,,,,,,,,,,,,,,,,,,,,,,,,,,,,,,,,,,,,,,,,,,,,,,,,,,,,,,,,,,,,,,,,,,,,,,,,,,,,,,,,,,,,,,,,,,,,,,,,,,,,,,,,,,,,,,,,,,,,,,,,,,,,,,,,,,,,,,,,,,,,,,,,,,,,,,,,,,,,,,,,,,,,,,,,,Haiti,1,Albania,1,,,,,,,,,,,,,,,Brunei,1,South Africa,1,,,,,,,,
,,,,,,,,,,,,,,,,,,,,,,,,,,,,,,,,,,,,,,,,,,,,,,,,,,,,,,,,,,,,,,,,,,,,,,,,,,,,,,,,,,,,,,,,,,,,,,,,,,,,,,,,,,,,,,,,,,,,,,,,,,,,,,,,,,,,,,,,,,,,,,,,,,,,,,,,,,,,,,,,,,,,,,,,,,,,,,,,,,,,,,,,,,,,,,,,,,,,,,,,,,,,,,,,,,,,,,,,,,,,,,,,,,,,,,,,,,Armenia,6,Costa Rica,1,,,,,,,,,,,,,,,Morocco,1,Costa Rica,1,,,,,,,,
,,,,,,,,,,,,,,,,,,,,,,,,,,,,,,,,,,,,,,,,,,,,,,,,,,,,,,,,,,,,,,,,,,,,,,,,,,,,,,,,,,,,,,,,,,,,,,,,,,,,,,,,,,,,,,,,,,,,,,,,,,,,,,,,,,,,,,,,,,,,,,,,,,,,,,,,,,,,,,,,,,,,,,,,,,,,,,,,,,,,,,,,,,,,,,,,,,,,,,,,,,,,,,,,,,,,,,,,,,,,,,,,,,,,,,,,,,Yemen,4,Uruguay,1,,,,,,,,,,,,,,,,,,,,,,,,,,
,,,,,,,,,,,,,,,,,,,,,,,,,,,,,,,,,,,,,,,,,,,,,,,,,,,,,,,,,,,,,,,,,,,,,,,,,,,,,,,,,,,,,,,,,,,,,,,,,,,,,,,,,,,,,,,,,,,,,,,,,,,,,,,,,,,,,,,,,,,,,,,,,,,,,,,,,,,,,,,,,,,,,,,,,,,,,,,,,,,,,,,,,,,,,,,,,,,,,,,,,,,,,,,,,,,,,,,,,,,,,,,,,,,,,,,,,,Somalia,1,Oman,1,,,,,,,,,,,,,,,,,,,,,,,,,,
,,,,,,,,,,,,,,,,,,,,,,,,,,,,,,,,,,,,,,,,,,,,,,,,,,,,,,,,,,,,,,,,,,,,,,,,,,,,,,,,,,,,,,,,,,,,,,,,,,,,,,,,,,,,,,,,,,,,,,,,,,,,,,,,,,,,,,,,,,,,,,,,,,,,,,,,,,,,,,,,,,,,,,,,,,,,,,,,,,,,,,,,,,,,,,,,,,,,,,,,,,,,,,,,,,,,,,,,,,,,,,,,,,,,,,,,,,Netherlands,1,Ethiopia,1,,,,,,,,,,,,,,,,,,,,,,,,,,
,,,,,,,,,,,,,,,,,,,,,,,,,,,,,,,,,,,,,,,,,,,,,,,,,,,,,,,,,,,,,,,,,,,,,,,,,,,,,,,,,,,,,,,,,,,,,,,,,,,,,,,,,,,,,,,,,,,,,,,,,,,,,,,,,,,,,,,,,,,,,,,,,,,,,,,,,,,,,,,,,,,,,,,,,,,,,,,,,,,,,,,,,,,,,,,,,,,,,,,,,,,,,,,,,,,,,,,,,,,,,,,,,,,,,,,,,,Oman,2,,,,,,,,,,,,,,,,,,,,,,,,,,,,
,,,,,,,,,,,,,,,,,,,,,,,,,,,,,,,,,,,,,,,,,,,,,,,,,,,,,,,,,,,,,,,,,,,,,,,,,,,,,,,,,,,,,,,,,,,,,,,,,,,,,,,,,,,,,,,,,,,,,,,,,,,,,,,,,,,,,,,,,,,,,,,,,,,,,,,,,,,,,,,,,,,,,,,,,,,,,,,,,,,,,,,,,,,,,,,,,,,,,,,,,,,,,,,,,,,,,,,,,,,,,,,,,,,,,,,,,,Zimbabwe,1,,,,,,,,,,,,,,,,,,,,,,,,,,,,
,,,,,,,,,,,,,,,,,,,,,,,,,,,,,,,,,,,,,,,,,,,,,,,,,,,,,,,,,,,,,,,,,,,,,,,,,,,,,,,,,,,,,,,,,,,,,,,,,,,,,,,,,,,,,,,,,,,,,,,,,,,,,,,,,,,,,,,,,,,,,,,,,,,,,,,,,,,,,,,,,,,,,,,,,,,,,,,,,,,,,,,,,,,,,,,,,,,,,,,,,,,,,,,,,,,,,,,,,,,,,,,,,,,,,,,,,,Bangladesh,2,,,,,,,,,,,,,,,,,,,,,,,,,,,,
,,,,,,,,,,,,,,,,,,,,,,,,,,,,,,,,,,,,,,,,,,,,,,,,,,,,,,,,,,,,,,,,,,,,,,,,,,,,,,,,,,,,,,,,,,,,,,,,,,,,,,,,,,,,,,,,,,,,,,,,,,,,,,,,,,,,,,,,,,,,,,,,,,,,,,,,,,,,,,,,,,,,,,,,,,,,,,,,,,,,,,,,,,,,,,,,,,,,,,,,,,,,,,,,,,,,,,,,,,,,,,,,,,,,,,,,,,Sri Lanka,1,,,,,,,,,,,,,,,,,,,,,,,,,,,,
,,,,,,,,,,,,,,,,,,,,,,,,,,,,,,,,,,,,,,,,,,,,,,,,,,,,,,,,,,,,,,,,,,,,,,,,,,,,,,,,,,,,,,,,,,,,,,,,,,,,,,,,,,,,,,,,,,,,,,,,,,,,,,,,,,,,,,,,,,,,,,,,,,,,,,,,,,,,,,,,,,,,,,,,,,,,,,,,,,,,,,,,,,,,,,,,,,,,,,,,,,,,,,,,,,,,,,,,,,,,,,,,,,,,,,,,,,South Africa,3,,,,,,,,,,,,,,,,,,,,,,,,,,,,
,,,,,,,,,,,,,,,,,,,,,,,,,,,,,,,,,,,,,,,,,,,,,,,,,,,,,,,,,,,,,,,,,,,,,,,,,,,,,,,,,,,,,,,,,,,,,,,,,,,,,,,,,,,,,,,,,,,,,,,,,,,,,,,,,,,,,,,,,,,,,,,,,,,,,,,,,,,,,,,,,,,,,,,,,,,,,,,,,,,,,,,,,,,,,,,,,,,,,,,,,,,,,,,,,,,,,,,,,,,,,,,,,,,,,,,,,,Bosnia-Herzegovina,1,,,,,,,,,,,,,,,,,,,,,,,,,,,,
