13-April,,April-13,,April-13,,April-13,,May-13,,May-13,,May-13,,May-13,,June-13,,June-13,,June-13,,June-13,,July-13,,July-13,,July-13,,July-13,,Auguest 2013,,Auguest 2013,,Auguest 2013,,Auguest 2013,,September-13,,September-13,,September-13,,September-13,,Oct-13,,Oct-13,,Oct-13,,Oct-13,,November-13,,November-13,,November-13,,November-13,,December-13,,December-13,,December-13,,December-13,,14-January,,14-January,,14-January,,14-January,,13-Feb,,14-Feb,,13-Feb,,14-Feb,,14-Mar,,14-Mar,,13-Mar,,14-Mar,,14-April,,14-April,,14-April,,14-May,,14-May,,13-May,,14-May,,14-May,,14-June,,14-June,,14-June,,14-July,,14-July,,14-July,,14-July,,Auguest 2014,,Auguest 2014,,Auguest 2014,,Auguest 2014,,14-September,,14-September,,14-September,,14-September,,14-Oct,,13-Oct,,13-Oct,,14-Oct,,14-November,,14-November,,14-November,,14-November,,14-December,,14-December,,14-December,,14-December,,15-January,,15-January,,14-January,,15-January,,15-Feb,,15-Feb,,15-Feb,,15-Feb,,15-Mar,,15-Mar,,15-Mar,,15-Mar,,15-April,,15-April,,15-April,,15-April,,15-May,,15-May,,15-May,,15-June,,15-June,,15-June,,15-June,,15-July,,15-July,,15-July,,15-July,,Auguest 2015,,Auguest 2015,,Auguest 2015,,Auguest 2015,,15-September,,15-September,,15-September,,15-September,,15-Oct,,15-Oct,,15-Oct,,15-Oct,,15-November,,15-November,,15-November,,15-November,,15-December,,15-December,,15-December,,15-December,
Algeria,6,Georgia,2,Syria,68,Egypt,1,Iran,6,Russia,1,Russia,15,Syria,72,Poland,2,Syria,82,Syria,290,Syria,161,Syria,83,Syria,115,Syria,331,Syria,193,Syria,92,China,2,Syria,178,Iraq,68,Syria,522,Syria,356,Germany,12,Syria,369,Syria,282,Syria,216,Syria,299,Syria,182,Syria,232,Syria,207,Lebanon,90,Syria,279,Syria,80,Syria,275,Syria,334,United Arab Emirates,2,Greece,1,Syria,252,Syria,186,Bulgaria,1,Bulgaria,4,Kuwait,1,Syria,191,Syria,214,China,3,Syria,126,Syria,189,Syria,227,Syria,282,Syria,139,Syria,274,Syria,176,Belarus,1,Syria,154,Lebanon,72,Syria,295,Syria,163,Syria,263,Syria,187,Syria,140,Lebanon,37,Syria,144,Syria,142,Syria,204,Syria,204,Syria,156,Syria,218,Syria,121,Syria,178,Syria,231,Turkey,176,Cyprus,4,Syria,249,Germany,9,Jordan,23,Syria,95,Syria,149,Syria,220,Syria,240,Syria,345,Syria,306,Syria,156,Syria,136,Syria,256,India,2,Syria,194,Syria,228,Jordan,32,Syria,194,Syria,123,Syria,164,Syria,222,Turkey,25,Turkey,42,Qatar,1,Turkey,37,Turkey,25,Syria,204,Turkey,46,Syria,153,Jordan,11,Syria,141,Syria,140,Syria,192,Syria,445,Syria,258,Syria,210,Jordan,30,Syria,131,South Africa,1,Syria,166,Syria,193,Syria,225,Syria,432,Syria,1748,Turkey,137,Syria,1599,Syria,1285,Syria,884,Syria,646,Malaysia,3,United Kingdom,32,Syria,428,Zimbabwe,1,United States,2885,Syria,3334,Syria,1801,Syria,1839,Syria,1162,Syria,1101
Syria,43,Syria,64,Russia,13,Syria,76,Syria,31,Syria,76,Syria,34,Israel,8,Mauritania,2,Jordan,21,Iraq,5,Iran,1,Jordan,20,Canada,3,Egypt,16,Jordan,38,Tunisia,2,Syria,90,Israel,17,Syria,335,,2,Israel,8,Trinidad and Tobago,1,Germany,3,Iran,22,Egypt,3,Libya,5,Bulgaria,7,United Kingdom,6,United Kingdom,5,Iraq,16,Colombia,1,Jordan,11,Gaza Strip,3,Bulgaria,6,Syria,199,Syria,132,Turkey,15,Switzerland,5,Syria,254,Lebanon,29,Jordan,30,Jordan,45,Saudi Arabia,2,Syria,112,China,1,Jordan,23,Israel,14,Lebanon,75,Lebanon,20,United States,11,Bulgaria,2,Syria,121,Jordan,55,Syria,394,Malaysia,1,Iraq,18,Jordan,37,Iraq,15,Jordan,18,Syria,243,Canada,2,Kuwait,2,United States,4,Israel,5,Lebanon,28,Myanmar,1,Jordan,15,Lebanon,85,Iraq,16,Syria,498,Syria,213,Italy,3,Syria,205,Syria,263,Lebanon,15,Turkey,26,Norway,1,Jordan,20,United Kingdom,5,Greece,5,Greece,9,Jordan,12,United States,6,Syria,177,Jordan,19,Iraq,52,Syria,209,United Kingdom,5,Jordan,17,Iraq,11,Kuwait,7,Syria,205,Syria,211,Syria,383,Syria,344,Syria,230,Lebanon,45,Syria,350,Jordan,24,Syria,174,Israel,6,Lebanon,39,Lebanon,23,Turkey,186,Turkey,56,United States,15,Syria,286,Afghanistan,4,Syria,280,Egypt,1,Israel,13,Iran,4,Macedonia,36,Turkey,166,Syria,2694,Australia,26,France,25,Turkey,141,Croatia,4,United States,66,Syria,592,United States,23,Syria,731,Syria,5250,United States,1319,France,68,Turkey,94,United States,238,Jordan,28
Tunisia,2,Jordan,29,Jordan,24,Jordan,14,Turkey,4,Jordan,7,Azerbaijan,12,Iran,11,Lebanon,6,Lebanon,13,Jordan,47,Israel,8,Lebanon,17,Puerto Rico,3,Lebanon,49,Azerbaijan,1,Jordan,14,Brunei,1,Egypt,7,Jordan,43,Greece,3,Belarus,9,Syria,259,Switzerland,3,Bulgaria,13,Israel,13,Iran,3,Lebanon,20,France,6,Germany,1,Syria,301,United Kingdom,2,Lebanon,13,Lebanon,75,Iraq,24,Jordan,16,Israel,12,Lebanon,34,Micronesia,1,Algeria,10,Syria,201,Syria,174,Israel,16,Lebanon,94,Lebanon,18,Hungary,2,Kuwait,2,Iraq,16,West Bank,2,Iraq,13,Iraq,6,Jordan,40,Jordan,22,Uganda,1,Jordan,117,Uganda,1,Jordan,26,Lebanon,61,Jordan,14,Lebanon,44,Egypt,4,United Kingdom,1,Lebanon,10,Lebanon,84,Lebanon,47,Turkey,32,Lebanon,43,Iraq,16,Sudan,3,United States,12,United Kingdom,6,Lebanon,47,Jordan,13,Jordan,30,Israel,2,Turkey,18,Jordan,16,Central African Republic,1,Israel,11,Egypt,33,Turkmenistan,1,Egypt,2,Iraq,13,Egypt,9,Jordan,32,Saudi Arabia,1,Lebanon,37,United Arab Emirates,4,Turkey,54,United States,13,Afghanistan,1,Lebanon,35,Kuwait,1,Jordan,31,Jordan,48,Kuwait,11,Israel,45,Turkey,18,United States,11,Burundi,1,Turkey,16,Lebanon,16,Germany,9,Jordan,28,Azerbaijan,1,Lebanon,20,Turkey,40,United Kingdom,8,Lebanon,15,United States,10,Iraq,9,Turkey,27,Turkey,42,Greece,77,Hungary,76,United States,212,Lebanon,121,Turkey,111,Iraq,22,Israel,9,Syria,519,Switzerland,1,Israel,8,Iraq,21,United Kingdom,118,Cuba,11,Canada,207,United States,597,Jordan,71,United States,180
Azerbaijan,2,Lebanon,14,Lebanon,10,Gaza Strip,1,Tunisia,4,United States,3,Israel,9,Somalia,6,Iraq,5,Turkey,10,Libya,3,Lebanon,28,United States,4,Jordan,26,Israel,15,Canada,1,Egypt,5,Lebanon,11,Iraq,92,Egypt,12,Hungary,2,Italy,9,Lebanon,37,United States,39,Jordan,25,Lebanon,39,Jordan,8,Italy,4,Lebanon,29,France,5,Turkey,16,Lebanon,57,Afghanistan,2,Jordan,38,Egypt,10,Kuwait,2,Iraq,9,Israel,13,France,3,United Kingdom,22,United States,13,Bulgaria,6,Lebanon,27,United Arab Emirates,1,Israel,5,Italy,1,Lebanon,29,Russia,6,United Arab Emirates,3,Israel,9,Turkey,26,France,2,Egypt,1,Bulgaria,2,Iraq,14,Jordan,29,Lebanon,26,France,3,Lebanon,23,Israel,35,Ukraine,2,Israel,15,Egypt,2,Jordan,7,United States,1,Kuwait,1,Iraq,16,Lebanon,28,United Kingdom,5,Turkey,85,United States,77,France,7,Iraq,21,Egypt,2,Turkey,39,Germany,1,Lebanon,15,Iraq,11,Oceans,12,Lebanon,91,Norway,4,Libya,1,Lebanon,17,United Kingdom,1,Lebanon,45,Czech Republic,10,United States,14,Japan,1,Jordan,27,Australia,1,United States,13,Turkey,35,Jordan,36,Egypt,5,Turkey,32,Egypt,11,Jordan,15,Iraq,16,Bulgaria,2,Lebanon,21,United States,3,Italy,2,Malta,1,Germany,4,Iraq,26,Canada,1,Jordan,52,United States,4,Iraq,9,Turkey,77,Jordan,25,Greece,9,Lebanon,23,United States,15,Germany,103,Canada,236,United Kingdom,111,Germany,75,Greece,26,Germany,21,Turkey,72,Turkey,65,Canada,54,Pakistan,1,Canada,229,Canada,520,Jordan,114,Canada,555,Germany,16,Greece,13
Jordan,8,United States,1,France,2,Iraq,2,Libya,4,Turkey,39,Turkey,2,Gaza Strip,3,Syria,36,Russia,13,Lebanon,78,Jordan,30,Russia,6,United States,5,France,4,Israel,61,Lebanon,12,Turkey,7,Jordan,24,Israel,15,United States,59,Turkey,17,Italy,10,Israel,3,Lebanon,33,Turkey,11,United Kingdom,5,Kuwait,5,United States,8,Lebanon,38,France,6,Germany,5,Turkey,7,Iran,6,Lebanon,62,Israel,10,United Kingdom,4,United Kingdom,5,United Kingdom,9,Jordan,35,Israel,22,Saudi Arabia,4,Turkey,18,United States,12,Bulgaria,1,Jordan,16,United States,6,Lebanon,69,United States,8,Jordan,30,Jordan,74,Lebanon,24,Lebanon,13,Israel,22,Israel,41,Saudi Arabia,10,Italy,3,Kuwait,8,United States,8,Turkey,7,Iraq,11,Turkey,49,Iraq,15,Turkey,12,Iraq,46,Iraq,42,Jordan,18,Turkey,20,Sweden,3,Jordan,18,France,33,Iraq,9,Lebanon,37,Iraq,11,Iraq,6,Israel,4,Libya,1,Jordan,22,Turkey,102,Iraq,37,United Kingdom,6,Israel,8,United Kingdom,4,Sweden,5,Egypt,5,Turkey,15,Turkey,37,Kuwait,2,United States,122,Iraq,4,Jordan,21,United Kingdom,4,Italy,2,Lebanon,24,Ireland,2,Iraq,22,Lebanon,22,Jordan,14,Armenia,2,Iraq,19,Israel,10,Turkey,18,Jordan,14,Turkey,42,Jordan,26,United States,8,Lebanon,39,Iraq,11,Turkey,21,Lebanon,28,Turkey,47,Lebanon,27,Libya,6,Hungary,19,Greece,61,Austria,27,Canada,71,Brazil,3,United States,123,Turkey,94,Canada,33,Iran,4,Jordan,38,Iran,1,France,572,Turkey,159,United States,670,Germany,23,Russia,8,Iraq,26
Iraq,3,Turkey,11,Somalia,13,Israel,6,Jordan,9,Iran,7,United States,2,Turkey,6,Jordan,5,Afghanistan,1,Mali,2,Sudan,1,Iraq,3,Turkey,9,Iraq,26,Lebanon,47,Turkey,12,Jordan,12,Lebanon,11,Lebanon,31,Lebanon,81,Lebanon,31,Iraq,9,Turkey,7,Libya,1,Italy,3,West Bank,4,Russia,3,Jordan,64,United States,6,Jordan,25,Bahrain,1,Mali,1,Turkey,23,Jordan,25,Iraq,11,Armenia,2,Jordan,32,Kuwait,10,West Bank,1,Turkey,17,Egypt,3,United States,8,Turkey,11,Jordan,14,Turkey,9,Iraq,4,Turkey,34,Jordan,69,Turkey,5,Lebanon,36,Turkey,7,Turkey,17,Lebanon,30,Uruguay,1,Lebanon,79,Saudi Arabia,2,Turkey,11,Russia,3,Thailand,1,Australia,1,Iraq,13,Jordan,12,Iraq,7,United Kingdom,3,United States,4,Turkey,40,Uruguay,2,Turkey,14,United Kingdom,2,Germany,5,Turkey,38,United States,16,Lebanon,41,Lebanon,46,Egypt,2,Israel,5,Lebanon,21,United States,14,Australia,3,Lebanon,46,Jordan,19,United States,11,Italy,10,West Bank,12,Pakistan,2,Kuwait,7,Israel,5,Lebanon,9,Turkey,17,Lebanon,25,Iraq,8,Lebanon,25,Kuwait,10,Pakistan,1,Jordan,31,Kuwait,1,Israel,40,Israel,10,Turkey,23,Lebanon,51,Libya,8,Turkey,26,France,1,Germany,4,Pakistan,6,Iraq,12,Turkey,38,Jordan,18,Israel,9,Lebanon,18,Jordan,17,New Zealand,1,Serbia,7,Iceland,20,France,32,United States,182,Israel,33,Lebanon,56,Canada,31,Belgium,7,Belgium,2,Antigua and Barbuda,1,Afghanistan,12,Iran,15,United Kingdom,62,Mexico,9,United Arab Emirates,4,Iraq,23,Turkey,44
Libya,4,Canada,2,Turkey,2,Lebanon,3,Russia,4,Israel,2,Jordan,4,Jordan,15,Turkey,3,Germany,3,Ireland,1,Saudi Arabia,1,Kuwait,1,Iraq,7,Jordan,64,Egypt,25,United States,5,Iraq,3,Gibraltar,1,Ireland,4,Iraq,40,Bulgaria,18,United States,28,Jordan,27,United States,2,Jordan,39,Lebanon,25,Jordan,35,Turkey,29,Sweden,1,Kuwait,4,Turkey,18,Switzerland,1,Algeria,1,Turkey,28,Lebanon,24,Kuwait,3,Cuba,1,New Zealand,3,Egypt,5,Algeria,4,Turkey,27,United Kingdom,3,Israel,6,Gaza Strip,1,Israel,10,Morocco,1,Qatar,1,Ukraine,1,United Arab Emirates,2,Brazil,1,Israel,38,Iraq,10,Belgium,1,Argentina,2,Iran,3,Israel,2,Israel,5,Kuwait,4,United States,3,Sudan,2,Jordan,20,Iran,1,Israel,1,Jordan,9,Turkmenistan,1,Israel,11,Italy,3,Jordan,13,Lebanon,44,Lebanon,65,Jordan,14,United Kingdom,2,Turkey,40,Qatar,1,Jordan,1,Kuwait,4,Turkey,52,Italy,4,Jordan,67,United States,5,Kuwait,2,Canada,4,Malta,3,Israel,10,West Bank,3,Jordan,21,Turkey,51,Pakistan,1,Israel,6,Greece,3,Jordan,19,United States,13,United States,6,Bangladesh,1,Lebanon,18,United Kingdom,3,Kuwait,3,Belgium,1,United Kingdom,5,Germany,18,Morocco,2,Greece,4,United States,8,Lebanon,48,Bulgaria,1,Sudan,1,Lebanon,20,Israel,3,Sweden,6,Germany,9,Libya,1,Japan,2,Turkey,39,New Zealand,29,Germany,126,Belgium,9,Jordan,73,Czech Republic,1,United States,46,Vietnam,2,Hungary,6,Greece,22,Turkey,96,Germany,64,France,201,Germany,18,Armenia,8,Canada,224,Afghanistan,4
Lebanon,6,Egypt,1,Iran,4,Iran,2,United States,3,Chad,4,South Korea,4,Lebanon,10,Iran,2,Egypt,1,Israel,10,Russia,4,Turkey,13,Lebanon,23,Iran,2,Japan,6,Switzerland,1,Brazil,1,Russia,20,Russia,16,Malta,4,Russia,14,Jordan,32,Libya,6,Russia,3,Iran,10,Israel,12,Egypt,18,Australia,1,Pakistan,2,West Bank,5,Egypt,52,United Kingdom,1,Switzerland,1,Israel,2,Bulgaria,7,Lebanon,22,Democratic Republic of the Congo,1,Oman,1,Sweden,2,United Kingdom,3,India,1,Russia,1,Egypt,3,France,7,Iraq,9,Turkey,15,Egypt,7,Libya,1,United States,6,Sweden,3,Qatar,1,Israel,8,Iraq,8,West Bank,3,United States,22,Turkey,20,Iraq,25,Turkey,4,Egypt,2,Jordan,29,Lebanon,39,Israel,8,France,1,Armenia,1,Jordan,14,Canada,1,United States,4,France,4,Malta,2,Iraq,29,United States,20,Turkey,47,United States,3,Taiwan,1,United Kingdom,3,Iraq,14,Australia,1,Kuwait,6,Somalia,1,Sudan,10,Finland,1,Taiwan,1,Iraq,9,Canada,9,Israel,1,West Bank,1,Germany,1,Israel,9,Cuba,1,Egypt,3,Egypt,9,Iraq,19,Iraq,8,Israel,19,Israel,91,Canada,1,United States,11,Qatar,2,United States,4,Somalia,1,United Kingdom,1,Eritrea,1,Italy,3,Lithuania,2,Jordan,13,Denmark,1,Kuwait,3,Saudi Arabia,1,Jordan,15,Sweden,2,Egypt,4,United States,4,China,14,United States,40,United Kingdom,217,Sweden,5,Lebanon,81,Venezuela,1,Malaysia,7,Greece,13,Iraq,44,United Kingdom,21,United States,60,Lebanon,79,Egypt,15,Norway,1,Jordan,123,Turkey,90,Canada,256
Northern Mariana Islands,1,Tunisia,2,Afghanistan,1,Turkey,2,Israel,3,Morocco,3,North Korea,1,Russia,13,Russia,4,Japan,1,Egypt,1,Iraq,5,Canada,14,France,3,United Arab Emirates,3,Iraq,8,Greece,1,Israel,10,Canada,1,South Korea,3,Turkey,44,Libya,6,Turkey,18,Bulgaria,9,Cuba,2,Germany,5,Bulgaria,10,United Kingdom,5,Israel,18,Jordan,30,Egypt,5,United States,10,Yemen,6,United States,8,West Bank,4,Turkey,11,Jordan,9,Germany,1,Poland,2,Israel,23,Iraq,8,Iran,2,Egypt,2,Iraq,11,Turkey,5,United States,5,Germany,4,Cyprus,1,Bulgaria,1,Sweden,1,Egypt,6,Germany,1,Saudi Arabia,1,United Kingdom,1,Turkey,7,Libya,4,Germany,10,United Kingdom,6,Mauritania,1,Iraq,8,Congo,1,Afghanistan,4,Turkey,37,Micronesia,1,Turkmenistan,4,Israel,7,United States,32,Israel,2,New Zealand,1,Gaza Strip,3,China,1,Canada,2,Cyprus,2,Libya,3,United States,11,Sweden,1,United Kingdom,5,Bulgaria,4,Lebanon,18,India,1,Israel,8,Lebanon,15,Egypt,1,Lebanon,80,Iraq,7,Lebanon,25,Armenia,1,Iraq,19,Australia,1,Japan,1,Nicaragua,1,Iran,1,United Kingdom,9,Italy,2,China,1,Tuvalu,1,Iraq,5,Yemen,5,Lebanon,55,Uruguay,2,Norway,2,United States,4,Israel,3,Somalia,6,Kuwait,1,Iraq,13,Russia,1,Belgium,3,Germany,4,Iraq,12,Iran,1,Pakistan,2,Jordan,12,Lebanon,26,United Kingdom,226,Lebanon,195,Germany,119,United States,131,Somalia,1,Iceland,1,United Kingdom,30,Oceans,2,Turkey,54,United Kingdom,64,Iraq,155,Jordan,150,Turkey,65,France,68,Vietnam,4,Lebanon,37
Russia,10,North Korea,1,United States,2,Russia,26,Lebanon,11,Lebanon,5,Japan,1,Iraq,2,Israel,4,Bahrain,1,Germany,4,Turkey,11,Bhutan,1,United Kingdom,7,Turkey,26,United States,20,Spain,2,Libya,1,United States,2,Turkey,20,Canada,3,United States,41,Switzerland,2,Congo,1,Israel,13,Bulgaria,7,Egypt,37,Turkey,12,Afghanistan,1,Egypt,12,United Kingdom,5,Jordan,43,Algeria,2,Egypt,19,Afghanistan,3,Greece,3,Afghanistan,1,United States,6,Bulgaria,3,Afghanistan,2,Jordan,10,Israel,16,Iraq,3,Jordan,21,Afghanistan,1,Yemen,1,Qatar,2,Jordan,23,Qatar,1,Armenia,3,Libya,2,Iran,2,United States,3,United States,1,Italy,3,Turkey,9,Belgium,2,Libya,2,Bulgaria,2,Canada,1,Yemen,1,Malaysia,1,China,2,United Arab Emirates,1,Turkey,10,Iran,3,Egypt,1,Gaza Strip,1,Denmark,2,China,1,Russia,2,Malta,1,Netherlands,1,Italy,2,Afghanistan,1,Estonia,2,Spain,1,Canada,12,Cyprus,3,Switzerland,6,Switzerland,5,Canada,5,Israel,3,Jordan,19,United States,3,China,2,Greece,1,Lebanon,37,Greece,2,Lebanon,24,Israel,7,Belgium,1,Qatar,1,Germany,2,Germany,1,Sweden,1,Belgium,2,Egypt,6,Germany,5,Sweden,1,France,4,Cuba,1,Italy,6,Iraq,6,United States,27,Germany,2,West Bank,2,Afghanistan,21,Libya,3,Vatican City,1,Canada,3,Afghanistan,6,Malta,1,Jordan,19,Jordan,73,Uruguay,29,Greece,32,United Kingdom,87,Jordan,37,Saudi Arabia,2,Germany,38,Jordan,26,France,5,Greece,13,Jordan,44,Indonesia,5,Jersey,6,United Kingdom,45,Armenia,2,France,11
United States,1,Iraq,6,Iraq,1,United States,1,China,4,Western Sahara,1,Lebanon,3,Germany,1,Afghanistan,3,United Kingdom,1,Turkey,17,Switzerland,1,Iran,2,Russia,3,United States,9,Puerto Rico,1,United Kingdom,3,France,1,United Kingdom,3,United Kingdom,2,Israel,17,Jordan,31,Venezuela,2,United Kingdom,1,Australia,6,Kuwait,1,United Arab Emirates,4,Tunisia,4,Iraq,17,Iraq,4,Israel,10,France,5,Libya,2,Israel,17,Sudan,2,United States,6,Turkey,5,Iraq,21,Afghanistan,1,Canada,3,Qatar,4,Iraq,7,Pakistan,6,Qatar,2,United States,5,Canada,1,Bulgaria,1,United Kingdom,9,Turkey,16,Pakistan,2,Austria,3,Egypt,2,Russia,1,Switzerland,3,Somalia,2,Finland,1,Egypt,2,Norway,1,Brazil,1,Italy,4,Israel,17,Egypt,4,India,1,Macedonia,1,Nigeria,2,United Kingdom,2,Sweden,2,Croatia,1,Iraq,16,Qatar,2,Egypt,3,Switzerland,2,Luxembourg,3,Canada,2,United Kingdom,1,Iraq,3,Netherlands,2,United Kingdom,2,Iraq,10,Turkey,54,Turkey,43,Turkey,4,Bulgaria,1,Turkey,25,Malta,1,France,2,Malaysia,1,Qatar,3,India,1,United Kingdom,2,Turkey,21,Saudi Arabia,1,Israel,7,Taiwan,1,Iraq,36,Azerbaijan,2,Kosovo,2,Ireland,2,Egypt,8,Yemen,3,Qatar,3,Jordan,34,Yemen,1,Egypt,1,Burundi,4,Turkmenistan,2,Yemen,2,Eritrea,2,Canada,1,Peru,1,United States,5,Yemen,3,Greece,54,Italy,5,Thailand,1,Australia,145,Jordan,71,Iran,18,Russia,13,Russia,8,Israel,17,Canada,34,Iraq,25,Jordan,40,Turkey,120,Bangladesh,1,Greece,12,Portugal,1,United Kingdom,80,Myanmar,1
Ukraine,6,Algeria,2,,,Eritrea,2,Norway,1,Algeria,7,Gaza Strip,1,Niger,4,United Kingdom,1,United States,1,Iran,9,Ireland,1,Israel,4,Afghanistan,2,Algeria,1,Russia,2,Israel,4,Northern Mariana Islands,1,Turkey,21,Denmark,2,Switzerland,8,Egypt,10,Sweden,2,Iraq,20,Egypt,6,France,4,France,10,Belgium,1,Bulgaria,8,Turkey,18,United States,9,Somalia,1,Egypt,1,Yemen,2,Saudi Arabia,1,Germany,1,Russia,1,Libya,2,Iraq,6,Iraq,7,Iran,3,Lebanon,9,Malaysia,2,Australia,5,United Kingdom,1,Denmark,1,Cyprus,4,Sweden,5,Russia,2,Afghanistan,1,Russia,3,Central African Republic,1,Kuwait,2,Indonesia,1,United States,8,Iraq,6,Sudan,1,United States,5,United Kingdom,1,Sweden,2,Saudi Arabia,1,Vietnam, Democratic Republic of,Spain,1,Germany,1,Bahrain,1,Uruguay,2,Bulgaria,7,Kuwait,1,Israel,3,Israel,7,Sweden,3,West Bank,2,Greece,2,Israel,5,Rwanda,1,United States,2,Norway,2,Libya,2,Norway,1,United States,18,Iraq,22,Saudi Arabia,3,Germany,3,Czech Republic,1,Turkey,23,Iraq,11,United Kingdom,15,United Kingdom,6,Denmark,1,Zimbabwe,2,Japan,3,China,1,France,1,Israel,14,Kuwait,19,Saudi Arabia,3,Albania,4,Australia,1,Iraq,36,Israel,7,Malaysia,2,Kuwait,5,France,3,Iran,3,Japan,5,Kuwait,4,Israel,1,Egypt,2,United States,2,Brazil,1,Greece,6,Iraq,5,Kuwait,3,Germany,35,Poland,6,Greece,66,Finland,4,Hungary,10,Afghanistan,7,Luxembourg,1,Jordan,28,Spain,1,Mexico,2,Canada,64,Greece,46,Russia,21,Kuwait,4,Iraq,44,Lebanon,33,Vietnam,1
Turkey,9,United Arab Emirates,3,,,Germany,4,Malaysia,2,Libya,6,,,Morocco,2,Japan,1,,,Northern Mariana Islands,1,Oceans,6,Nepal,1,Algeria,6,Kuwait,1,Australia,2,Iraq,6,United States,1,Morocco,2,United States,33,Russia,25,Germany,29,Israel,6,Italy,3,Rwanda,2,Sweden,3,Iraq,7,France,8,Egypt,3,Italy,3,Morocco,1,Sweden,1,Saudi Arabia,2,Iraq,16,Italy,5,Australia,1,Italy,4,Kuwait,10,Finland,2,Kuwait,3,Switzerland,1,United States,6,Iran,1,Algeria,1,Egypt,1,Switzerland,1,Iran,1,Saudi Arabia,2,Israel,5,Canada,5,Bhutan,1,Iraq,3,China,1,Papua New Guinea,1,Canada,6,Israel,10,Denmark,1,Switzerland,3,Israel,12,Congo,1,Oman,1,Germany,3,Libya,3,Qatar,1,Austria,1,,,Malta,1,Libya,1,Canada,2,Bulgaria,3,Jordan,20,Israel,2,Nigeria,2,Netherlands,1,Uruguay,2,Saudi Arabia,2,Turkmenistan,1,United States,16,Haiti,2,Bulgaria,1,Jordan,21,Germany,4,Kenya,1,Germany,2,Pakistan,4,Canada,8,Israel,1,Egypt,6,Kuwait,2,Kuwait,2,United Kingdom,2,Macedonia,3,Nicaragua,6,Canada,2,Japan,4,Morocco,1,Monaco,2,United Kingdom,3,Saudi Arabia,1,Morocco,1,Ireland,1,Germany,2,United States,4,Israel,8,Israel,22,Switzerland,1,Uruguay,2,Switzerland,1,Nepal,1,Kuwait,7,Serbia,6,Sweden,3,Egypt,2,United Kingdom,7,Lebanon,71,Hungary,56,Russia,20,Iraq,34,Australia,14,Lebanon,27,Kuwait,2,Australia,9,Germany,10,Mexico,1,Poland,3,Greece,32,United Kingdom,48,Australia,7,Luxembourg,1,Italy,9
Switzerland,1,Libya,7,,,France,2,Iraq,1,Indonesia,2,,,Georgia,4,United States,1,,,Canada,2,United States,6,Cyprus,1,Sudan,2,Australia,1,Armenia,1,Iran,1,,,United Arab Emirates,2,Switzerland,2,United Kingdom,5,Somalia,4,Bulgaria,1,Lebanon,48,Turkey,10,Iraq,4,United States,12,United Arab Emirates,1,Kuwait,4,Iran,4,Libya,4,Israel,14,Iraq,2,Libya,1,Greece,6,United Kingdom,14,Libya,3,Qatar,5,Lebanon,23,Turkey,28,Sweden,1,Greece,1,Libya,4,Germany,1,Iraq,5,Lebanon,16,Norway,1,Libya,2,Kuwait,1,Ukraine,2,Northern Mariana Islands,1,Saudi Arabia,1,Sweden,3,Saudi Arabia,2,Egypt,4,West Bank,1,Canada,9,Canada,16,Egypt,1,,,Turkey,17,Italy,2,Canada,2,Rwanda,1,,,,,Uruguay,2,Egypt,2,Malaysia,3,Egypt,3,Afghanistan,2,Armenia,1,France,3,Thailand,1,United Arab Emirates,1,France,1,Uruguay,1,Italy,10,Greece,40,Germany,6,China,1,Switzerland,4,Turkey,7,Iran,2,Qatar,5,Sweden,3,Japan,2,Serbia,2,France,1,Rwanda,1,Central African Republic,2,Italy,3,Greece,2,Tunisia,2,Morocco,1,Netherlands,1,Burkina Faso,2,Norway,3,Jordan,51,United Arab Emirates,1,United Kingdom,1,Oceans,1,Azerbaijan,2,Denmark,4,Turkmenistan,1,Eritrea,1,Norway,1,Italy,7,Iran,1,Germany,7,Macedonia,1,United States,4,Pakistan,6,Israel,29,Canada,204,Serbia,17,Turkey,163,Australia,32,Germany,28,United Kingdom,65,Lebanon,53,Norway,1,Iceland,1,Germany,33,Israel,45,Lebanon,49,Oceans,1,Lebanon,62,Australia,6,Yemen,1
United Arab Emirates,1,Russia,4,,,Libya,2,Saudi Arabia,1,United Kingdom,5,,,Libya,2,,,,,Russia,14,Libya,6,Armenia,2,Yemen,2,Ireland,1,Rwanda,2,Russia,2,,,Germany,2,Italy,12,Jordan,62,Iran,4,Belgium,1,India,2,Armenia,8,United Kingdom,5,Turkey,6,Israel,5,Japan,2,Russia,1,Oceans,1,Iran,5,Germany,6,Italy,1,Malta,4,Egypt,4,Malta,3,Canada,1,Jordan,12,Lebanon,15,New Zealand,20,Switzerland,2,Singapore,2,Bulgaria,1,Italy,1,Saudi Arabia,2,Israel,4,France,5,Egypt,2,Italy,1,Kenya,1,West Bank,2,Denmark,1,Iran,1,Iran,2,Poland,1,Uruguay,1,Egypt,1,Norway,5,,,Switzerland,6,Hong Kong,1,Bulgaria,1,,,,,,,West Bank,1,,,Malta,1,Ukraine,2,Greece,5,United Kingdom,6,Uruguay,12,,,Germany,23,,,Mali,2,Cyprus,1,Russia,1,Greece,19,Canada,4,United States,6,West Bank,1,Somalia,1,Sweden,1,Libya,1,Egypt,4,Canada,2,Saudi Arabia,3,Germany,2,Russia,3,Bulgaria,3,Gaza Strip,3,Switzerland,1,Lebanon,45,United Kingdom,5,Qatar,1,Cyprus,1,Indonesia,1,Equatorial Guinea,1,Iran,2,Egypt,1,United Kingdom,1,United Arab Emirates,2,Egypt,4,Egypt,5,Afghanistan,1,Canada,2,Nigeria,1,Indonesia,4,Pakistan,1,Canada,2,Russia,3,Egypt,5,Austria,23,Israel,56,Egypt,10,Russia,17,United Kingdom,46,Iraq,20,Iraq,15,United States,50,Libya,2,Russia,2,Oceans,4,Mali,3,Iraq,35,Estonia,2,Jersey,1,Switzerland,2
Canada,2,Saudi Arabia,1,,,Somalia,1,Algeria,7,Germany,2,,,Armenia,1,,,,,United Kingdom,1,Sweden,1,,,Egypt,4,Russia,11,Morocco,2,Morocco,2,,,China,1,Malta,2,Italy,11,Australia,1,Denmark,2,Russia,7,Austria,3,Libya,7,Ireland,1,Germany,5,Libya,4,Israel,40,Armenia,2,Bulgaria,2,South Africa,1,United Kingdom,9,Sweden,2,France,2,Bulgaria,2,Iran,1,Egypt,4,Switzerland,9,Armenia,1,China,1,,,China,1,Ukraine,2,Congo,1,United Kingdom,7,Switzerland,1,Afghanistan,2,Oman,1,Somalia,2,United States,2,Norway,1,Afghanistan,1,Germany,5,Egypt,3,Luxembourg,2,Australia,1,Italy,4,,,Canada,8,Libya,2,Netherlands,2,,,,,,,United Kingdom,3,,,United States,4,India,2,India,1,Libya,1,Malaysia,1,,,West Bank,2,,,South Sudan,2,Peru,1,United Kingdom,5,Israel,12,Philippines,1,Iraq,15,Cuba,1,Greece,1,Afghanistan,1,Australia,1,Sweden,1,China,1,Germany,2,Haiti,1,Sweden,1,Cyprus,1,Ukraine,2,Australia,3,Uruguay,2,Gaza Strip,3,Ireland,1,Germany,1,Greece,7,Sierra Leone,1,Azerbaijan,4,Iraq,6,Iraq,4,Kuwait,6,Eritrea,2,Israel,4,Brazil,1,Greece,2,Poland,1,United Kingdom,1,France,1,Germany,1,Ethiopia,1,Iraq,9,Norway,3,New Zealand,12,Iceland,6,Serbia,6,Congo,2,Jordan,51,Norway,2,Germany,18,Netherlands,2,Australia,12,Libya,6,Iraq,98,Austria,4,Israel,8,Greece,9,Israel,20
Israel,1,Israel,2,,,Azerbaijan,2,,,Canada,2,,,Kuwait,1,,,,,Congo,1,,,,,Israel,10,Lithuania,2,Tunisia,1,Gaza Strip,1,,,Italy,1,Iran,3,Reunion,2,Iraq,22,Azerbaijan,4,Egypt,9,Ireland,1,Canada,5,South Africa,1,Libya,7,Switzerland,1,Bulgaria,6,Puerto Rico,1,Russia,1,Sweden,1,India,1,United States,10,West Bank,1,Qatar,2,Switzerland,7,Israel,6,United States,4,France,1,Italy,1,,,Afghanistan,2,United Arab Emirates,1,Finland,2,Libya,2,Germany,4,Spain,3,Malta,1,United Kingdom,1,Armenia,3,,,Germany,1,Libya,4,China,11,Pakistan,2,Turkmenistan,2,Sweden,4,,,Russia,1,Ukraine,1,United States,1,,,,,,,India,1,,,Algeria,1,Northern Mariana Islands,2,Armenia,1,Germany,3,Argentina,1,,,Italy,1,,,West Bank,2,Egypt,4,South Africa,1,Philippines,1,Egypt,9,United Kingdom,1,Vatican City,1,Chile,1,Kuwait,1,Turkmenistan,1,Netherlands,1,United States,13,Iraq,2,Armenia,2,Qatar,4,United Arab Emirates,3,Belarus,1,Yemen,1,Sweden,2,Japan,2,Greece,5,Philippines,2,Australia,1,Norway,2,South Sudan,1,Ireland,2,Andorra,1,Switzerland,3,Greece,4,Libya,1,Egypt,2,Rwanda,2,Eritrea,1,Greece,8,Russia,2,Hungary,2,Iraq,8,Ireland,6,Morocco,1,Iraq,92,Papua New Guinea,2,Austria,6,Eritrea,5,Mexico,1,Russia,9,France,5,Lebanon,28,Norway,6,Saudi Arabia,11,Italy,5,Lebanon,43,Greece,14,Thailand,1,Serbia,1
,,,,,,,,,,Greece,1,,,,,,,,,Japan,1,,,,,Ireland,1,Libya,6,Turkey,14,Germany,1,,,Sudan,1,China,1,New Zealand,6,Sweden,5,Brazil,1,Canada,2,Switzerland,1,Greece,1,Gaza Strip,2,Iraq,10,Russia,1,West Bank,1,Bulgaria,10,Afghanistan,1,Kuwait,2,France,2,Switzerland,4,Sweden,1,Iran,1,Netherlands,1,Malaysia,1,Iran,2,Russia,4,Libya,1,,,Pakistan,1,Hungary,2,Norway,1,Sweden,2,Georgia,1,Iraq,4,Australia,1,Puerto Rico,1,,,,,Russia,2,United Arab Emirates,1,United Arab Emirates,2,Armenia,1,Germany,5,Canada,3,,,Sweden,2,Japan,4,,,,,,,,,Brazil,1,,,Uruguay,2,France,3,Cambodia,1,Montenegro,1,Pakistan,1,,,Kuwait,3,,,Greece,1,Ireland,1,Bulgaria,2,Kuwait,14,Belgium,4,Pakistan,1,Iran,1,Canada,10,Bahamas,1,United Arab Emirates,2,Germany,1,India,1,Cuba,1,Libya,1,Cyprus,2,United States,1,Switzerland,4,Japan,9,United Kingdom,4,United States,13,United States,2,Belgium,1,Macedonia,1,Libya,6,Iraq,10,Kenya,1,Spain,2,United Kingdom,1,New Zealand,5,United Kingdom,8,United Kingdom,1,West Bank,3,Hungary,1,Armenia,1,Qatar,3,China,2,Israel,5,Malta,1,Australia,56,Jordan,110,Dominican Republic,1,West Bank,2,Ethiopia,2,Vietnam,5,Estonia,1,Russia,25,Egypt,1,Egypt,5,Brazil,1,Bhutan,2,Russia,6,Switzerland,6,Pakistan,3,United Kingdom,34
,,,,,,,,,,,,,,,,,,,,Australia,6,,,,,Kuwait,1,,,Switzerland,2,Brazil,1,,,,,United Arab Emirates,1,West Bank,1,United Kingdom,22,Saint Lucia,2,Somalia,6,Kuwait,3,United States,5,Somalia,1,Australia,1,Saudi Arabia,2,Saudi Arabia,1,Gaza Strip,1,Kuwait,3,United States,1,Germany,2,Guinea-Bissau,2,Morocco,1,Somalia,1,Japan,4,Saudi Arabia,5,Uganda,1,Greece,1,Turkmenistan,1,,,,,,,Bulgaria,1,Russia,1,Bosnia-Herzegovina,1,Thailand,1,,,France,3,,,,,Chile,1,United Kingdom,1,United Kingdom,2,United Kingdom,1,Afghanistan,1,Libya,2,,,Armenia,1,Sudan,1,,,,,,,,,Ireland,12,,,Finland,1,Australia,1,Iran,1,Kuwait,1,Switzerland,1,,,Egypt,5,,,Central African Republic,1,France,1,Germany,3,Japan,1,Germany,6,Nepal,1,Pakistan,2,Philippines,2,Thailand,1,India,1,Bulgaria,1,Australia,1,Japan,1,,,China,1,Germany,2,Australia,1,Armenia,3,Afghanistan,8,Italy,2,Egypt,2,Armenia,1,Malta,9,Italy,1,China,3,,,Kuwait,1,Eritrea,1,Italy,4,Greece,1,,,Hungary,1,China,1,Sudan,1,Oman,1,Russia,2,China,6,Sweden,2,Italy,14,Sweden,22,Saudi Arabia,10,Canada,55,Canada,37,France,5,Denmark,1,Greece,13,Australia,11,China,2,Somalia,4,Afghanistan,10,Malta,3,Brunei,1,Oceans,2,Ireland,3
,,,,,,,,,,,,,,,,,,,,United States,5,,,,,Malaysia,1,,,Greece,5,Angola,1,,,,,Germany,2,Bulgaria,23,Iceland,2,Saint Vincent and the Grenadines,1,France,6,Mauritania,2,Afghanistan,1,Pakistan,2,Norway,1,Cuba,1,New Zealand,1,Nigeria,2,Qatar,6,Italy,4,Greece,4,Equatorial Guinea,6,Armenia,3,Northern Mariana Islands,1,Egypt,3,United States,5,Norway,1,Finland,2,Haiti,1,,,,,,,,,France,1,Armenia,2,Pakistan,2,,,Philippines,2,,,,,Turkey,1,Saudi Arabia,1,Cyprus,1,Libya,1,Sweden,2,Netherlands,1,,,United States,1,,,,,,,,,,,Pakistan,1,,,Gaza Strip,1,Canada,1,Philippines,1,Egypt,1,Germany,5,,,Gaza Strip,1,,,,,Kuwait,1,Luxembourg,1,Qatar,2,Yemen,1,Czech Republic,1,Italy,1,Israel,12,United Arab Emirates,1,Egypt,2,United Arab Emirates,1,Denmark,1,Yemen,3,,,Kuwait,5,Switzerland,1,Norway,3,Oceans,1,United States,6,Ireland,1,,,,,United Kingdom,3,Canada,1,South Korea,6,,,,,Ukraine,1,France,2,Spain,1,,,Israel,2,Uruguay,7,France,1,Israel,3,Oceans,2,Italy,1,Libya,4,Senegal,1,United Arab Emirates,18,Norway,9,Bulgaria,13,Norway,1,Hungary,1,Italy,2,Austria,1,Italy,3,Lebanon,25,Spain,4,Bolivia,2,Israel,9,Poland,1,Israel,9,Germany,18
,,,,,,,,,,,,,,,,,,,,Somalia,1,,,,,Qatar,1,,,Ireland,1,Libya,4,,,,,Serbia,2,Nigeria,1,Algeria,4,Kuwait,1,Sri Lanka,1,France,18,Switzerland,3,Burkina Faso,1,Qatar,2,Germany,1,Algeria,1,Cuba,1,Burundi,1,,,Bulgaria,4,Kuwait,2,Italy,3,Germany,1,Italy,1,Turkey,18,Saudi Arabia,1,Italy,1,Denmark,2,,,,,,,,,,,Japan,2,Armenia,1,,,Italy,1,,,,,Ukraine,3,Norway,2,,,United States,1,Somalia,1,,,,,Myanmar,3,,,,,,,,,,,South Sudan,1,,,,,Azerbaijan,1,Australia,2,Uruguay,1,Egypt,3,,,France,1,,,,,Mexico,1,Saudi Arabia,1,Sweden,8,Italy,2,South Korea,1,Armenia,4,Pakistan,3,Switzerland,1,Japan,3,Qatar,1,Bahrain,1,Uruguay,1,,,,,,,Portugal,1,China,1,Tunisia,2,West Bank,9,,,,,Norway,2,Luxembourg,1,Sweden,1,,,,,Poland,1,Yemen,3,Tunisia,1,,,Pakistan,1,Qatar,1,Denmark,1,Kuwait,1,Japan,2,United Kingdom,5,Austria,7,Saudi Arabia,3,Sudan,3,Poland,2,China,4,Israel,11,Australia,28,South Africa,6,India,1,Yemen,2,Brazil,4,Australia,37,Somalia,3,Haiti,1,Cyprus,2,Ireland,5,Russia,2
,,,,,,,,,,,,,,,,,,,,Netherlands,1,,,,,Gaza Strip,1,,,Qatar,2,China,2,,,,,Somalia,14,Denmark,1,Netherlands,1,United Kingdom,7,Micronesia,1,United Kingdom,4,Azerbaijan,1,Congo,2,United States,8,Tajikistan,1,Puerto Rico,2,Russia,1,Iraq,5,,,Equatorial Guinea,1,Haiti,2,Spain,2,United States,3,Saudi Arabia,1,Armenia,2,France,2,Estonia,1,United Kingdom,1,,,,,,,,,,,United States,5,,,,,Israel,4,,,,,,,Indonesia,2,,,Ireland,1,Malta,1,,,,,United Arab Emirates,2,,,,,,,,,,,France,4,,,,,Germany,4,Israel,2,,,Iran,3,,,Canada,1,,,,,,,Mexico,1,Ireland,2,Czech Republic,1,Gaza Strip,1,Cyprus,2,West Bank,9,Germany,1,Italy,1,South Sudan,1,,,,,,,,,,,Germany,3,,,Mexico,2,Yemen,3,,,,,Pakistan,4,Denmark,2,Macedonia,1,,,,,,,United Kingdom,6,Australia,2,,,Nepal,2,United Kingdom,2,,,Afghanistan,1,,,Switzerland,3,Iran,2,Israel,62,Malta,4,Italy,11,Slovenia,3,Italy,8,Spain,2,Sweden,2,Israel,8,Hungary,2,Bulgaria,1,Norway,6,Oceans,3,United Arab Emirates,1,Afghanistan,5,Belgium,7,Ukraine,2
,,,,,,,,,,,,,,,,,,,,Norway,1,,,,,Armenia,5,,,United Kingdom,1,,,,,,,Libya,2,Philippines,1,West Bank,2,Egypt,9,Armenia,1,India,1,Tunisia,2,Yemen,3,Iran,4,Czech Republic,2,Morocco,3,Afghanistan,1,Congo,2,,,Guinea-Bissau,2,Gaza Strip,1,China,1,,,,,Czech Republic,1,Germany,2,Japan,1,Kosovo,1,,,,,,,,,,,China,1,,,,,West Bank,1,,,,,,,Switzerland,2,,,,,,,,,,,Norway,1,,,,,,,,,,,Iran,1,,,,,,,Oceans,3,,,Northern Mariana Islands,1,,,Luxembourg,2,,,,,,,Ukraine,1,Afghanistan,1,West Bank,1,,,Indonesia,1,France,1,Russia,1,Ecuador,3,Luxembourg,1,,,,,,,,,,,Sweden,1,,,Eritrea,2,Iran,3,,,,,New Zealand,2,Egypt,1,Kenya,1,,,,,,,Finland,1,South Africa,1,,,Germany,2,,,,,Philippines,1,,,Philippines,1,Australia,1,Oceans,5,Spain,14,Armenia,2,Italy,7,New Zealand,1,Netherlands,5,Armenia,4,Lebanon,31,Dominican Republic,1,Kosovo,4,Egypt,18,Saudi Arabia,8,Somalia,3,Malaysia,5,Congo,3,Spain,1
,,,,,,,,,,,,,,,,,,,,United Arab Emirates,2,,,,,,,,,Poland,4,,,,,,,Saudi Arabia,1,France,6,Switzerland,2,Canada,5,Iran,2,Saudi Arabia,1,Oceans,1,Ethiopia,2,Malta,2,,,,,Australia,1,Italy,1,,,,,United Kingdom,2,Ukraine,1,,,,,Sweden,2,Spain,1,,,,,,,,,,,,,,,Bangladesh,1,,,,,Iran,11,,,,,,,Morocco,2,,,,,,,,,,,France,1,,,,,,,,,,,Kuwait,2,,,,,,,Cyprus,29,,,South Sudan,1,,,Algeria,1,,,,,,,,,Canada,8,Libya,2,,,,,Afghanistan,3,Czech Republic,5,Greece,1,Canada,1,,,,,,,,,,,Central African Republic,1,,,Canada,1,Pakistan,2,,,,,Switzerland,1,Afghanistan,1,Egypt,2,,,,,,,Colombia,3,Czech Republic,1,,,Ukraine,1,,,,,Hungary,1,,,Macedonia,8,Albania,1,Yemen,8,Brazil,7,Bosnia-Herzegovina,1,Cyprus,1,Spain,7,Japan,2,Pakistan,1,Afghanistan,4,Sweden,3,Israel,5,Kuwait,9,Germany,34,Saudi Arabia,2,Iran,3,Norway,1,Azerbaijan,1
,,,,,,,,,,,,,,,,,,,,Ethiopia,1,,,,,,,,,Libya,2,,,,,,,Armenia,3,Belgium,2,Brazil,1,Australia,1,Brazil,1,Iraq,3,Malta,1,Rwanda,2,Switzerland,2,,,,,Germany,1,Yemen,1,,,,,Central African Republic,1,,,,,,,South Africa,2,Morocco,2,,,,,,,,,,,,,,,,,,,,,Afghanistan,1,,,,,,,Malaysia,1,,,,,,,,,,,Azerbaijan,1,,,,,,,,,,,,,,,,,,,Libya,3,,,Norway,1,,,Sweden,1,,,,,,,,,New Zealand,6,Mali,1,,,,,Norway,2,,,Netherlands,1,Russia,1,,,,,,,,,,,Austria,1,,,Egypt,6,Spain,3,,,,,China,1,Kuwait,1,,,,,,,,,Afghanistan,5,Belgium,1,,,Iran,1,,,,,,,,,Afghanistan,1,Bulgaria,4,Afghanistan,10,Denmark,12,Hungary,34,Norway,10,Tanzania,1,Sweden,3,Afghanistan,2,Poland,6,Venezuela,1,Sri Lanka,1,Croatia,2,Australia,30,Hungary,11,Haiti,1,France,27,Kosovo,1
,,,,,,,,,,,,,,,,,,,,China,1,,,,,,,,,Brazil,1,,,,,,,Azerbaijan,1,Germany,15,Greece,2,Georgia,4,Australia,2,Japan,1,Russia,1,Tanzania,2,Austria,2,,,,,,,Switzerland,1,,,,,Iran,1,,,,,,,Germany,1,Gaza Strip,2,,,,,,,,,,,,,,,,,,,,,Canada,2,,,,,,,,,,,,,,,,,,,Pakistan,1,,,,,,,,,,,,,,,,,,,Italy,5,,,,,,,Greece,2,,,,,,,,,Italy,1,Sierra Leone,1,,,,,,,,,Congo,1,Spain,2,,,,,,,,,,,Uganda,1,,,Denmark,3,Sudan,1,,,,,Italy,3,Ireland,1,,,,,,,,,Ukraine,3,Austria,1,,,,,,,,,,,,,Germany,3,Indonesia,3,Kenya,4,Egypt,28,Austria,18,Greece,22,Kuwait,5,Afghanistan,3,Namibia,2,Bulgaria,1,Afghanistan,8,Guernsey,1,Austria,1,Haiti,2,Sweden,4,Congo,2,Qatar,1,Brazil,1
,,,,,,,,,,,,,,,,,,,,,,,,,,,,,,Kuwait,4,,,,,,,Canada,6,United Arab Emirates,2,France,2,Ireland,1,,,Italy,3,Mexico,1,Saudi Arabia,1,West Bank,1,,,,,,,Algeria,1,,,,,Spain,1,,,,,,,Iran,2,Qatar,1,,,,,,,,,,,,,,,,,,,,,Bulgaria,2,,,,,,,,,,,,,,,,,,,,,,,,,,,,,,,,,,,,,,,Malta,3,,,,,,,Cyprus,1,,,,,,,,,Jersey,1,South Korea,1,,,,,,,,,United States,1,,,,,,,,,,,,,Ireland,1,,,Netherlands,9,Uruguay,3,,,,,South Sudan,1,,,,,,,,,,,Mali,3,,,,,,,,,,,,,,,Saudi Arabia,1,Eritrea,1,Ireland,8,India,4,Spain,9,Tunisia,1,Cuba,2,Eritrea,3,Iran,4,Kosovo,2,Panama,2,Kuwait,5,Hong Kong,2,Philippines,2,Italy,1,Spain,1,Bahrain,3,Bulgaria,3
,,,,,,,,,,,,,,,,,,,,,,,,,,,,,,Somalia,1,,,,,,,Greece,1,Sweden,29,Romania,2,Iran,1,,,Germany,2,Gaza Strip,1,Italy,17,,,,,,,,,,,,,,,Ireland,1,,,,,,,Italy,1,Puerto Rico,1,,,,,,,,,,,,,,,,,,,,,Czech Republic,1,,,,,,,,,,,,,,,,,,,,,,,,,,,,,,,,,,,,,,,Canada,3,,,,,,,,,,,,,,,,,Armenia,3,Qatar,2,,,,,,,,,,,,,,,,,,,,,,,Brazil,1,,,Norway,1,South Korea,1,,,,,Nepal,1,,,,,,,,,,,Pakistan,3,,,,,,,,,,,,,,,Serbia,1,Burundi,3,France,21,China,13,Cameroon,1,United Arab Emirates,5,Malta,1,Belgium,3,China,5,United Arab Emirates,3,Austria,3,Hungary,10,Netherlands,2,Jersey,2,Bolivia,1,Egypt,2,Bangladesh,1,Pakistan,3
,,,,,,,,,,,,,,,,,,,,,,,,,,,,,,Iran,1,,,,,,,Bulgaria,1,Egypt,11,India,1,West Bank,2,,,Lithuania,1,Armenia,1,Switzerland,2,,,,,,,,,,,,,,,Germany,2,,,,,,,Greece,1,,,,,,,,,,,,,,,,,,,,,,,Netherlands,3,,,,,,,,,,,,,,,,,,,,,,,,,,,,,,,,,,,,,,,Netherlands,1,,,,,,,,,,,,,,,,,Cyprus,1,Kuwait,1,,,,,,,,,,,,,,,,,,,,,,,,,,,Nepal,1,United Arab Emirates,4,,,,,France,3,,,,,,,,,,,Congo,1,,,,,,,,,,,,,,,Bulgaria,1,Iceland,1,Iraq,51,North Korea,4,South Korea,3,Egypt,7,Honduras,1,Denmark,4,Hungary,4,Saudi Arabia,3,Jersey,3,Serbia,1,Italy,4,Japan,3,Czechoslovakia,1,Cuba,4,Mexico,7,Bangladesh,3
,,,,,,,,,,,,,,,,,,,,,,,,,,,,,,Czech Republic,1,,,,,,,,,Iceland,2,Pakistan,1,Finland,3,,,,,Yemen,1,Germany,1,,,,,,,,,,,,,,,Russia,2,,,,,,,,,,,,,,,,,,,,,,,,,,,,,,,,,,,,,,,,,,,,,,,,,,,,,,,,,,,,,,,,,,,,,,,Ireland,2,,,,,,,,,,,,,,,,,Albania,2,,,,,,,,,,,,,,,,,,,,,,,,,,,,,Ukraine,1,,,,,,,Sierra Leone,3,,,,,,,,,,,South Korea,1,,,,,,,,,,,,,,,,,Antigua and Barbuda,4,Sudan,3,Czech Republic,8,France,10,Saudi Arabia,10,Albania,1,Colombia,1,Croatia,2,Slovenia,2,Macedonia,3,Albania,1,Kosovo,2,Portugal,5,Armenia,5,Netherlands,3,Afghanistan,8,Iran,6
,,,,,,,,,,,,,,,,,,,,,,,,,,,,,,,,,,,,,,,,Lithuania,1,,,Japan,1,,,,,,,Russia,8,,,,,,,,,,,,,,,United Arab Emirates,3,,,,,,,,,,,,,,,,,,,,,,,,,,,,,,,,,,,,,,,,,,,,,,,,,,,,,,,,,,,,,,,,,,,,,,,Japan,2,,,,,,,,,,,,,,,,,Norway,3,,,,,,,,,,,,,,,,,,,,,,,,,,,,,Saudi Arabia,1,,,,,,,Kuwait,4,,,,,,,,,,,West Bank,1,,,,,,,,,,,,,,,,,Norway,3,Libya,5,Cyprus,11,Croatia,11,Belgium,12,Malaysia,10,Uruguay,1,Austria,3,Croatia,1,Russia,1,Switzerland,1,Cuba,16,Jamaica,2,Iran,5,Somalia,3,Saudi Arabia,5,China,1
,,,,,,,,,,,,,,,,,,,,,,,,,,,,,,,,,,,,,,,,Afghanistan,1,,,,,,,,,,,China,6,,,,,,,,,,,,,,,,,,,,,,,,,,,,,,,,,,,,,,,,,,,,,,,,,,,,,,,,,,,,,,,,,,,,,,,,,,,,,,,,,,,,,,,Spain,1,,,,,,,,,,,,,,,,,,,,,,,,,,,,,,,,,,,,,,,,,,,,,,,Iran,1,,,,,,,Libya,1,,,,,,,,,,,Russia,3,,,,,,,,,,,,,,,,,,,Egypt,20,Kuwait,9,Iraq,24,Haiti,1,Hungary,6,Nigeria,1,Oceans,1,Egypt,3,Nauru,1,Malta,7,Pakistan,1,Kuwait,5,Serbia,2,Russia,5,China,1,Jersey,3
,,,,,,,,,,,,,,,,,,,,,,,,,,,,,,,,,,,,,,,,Ireland,2,,,,,,,,,,,Kuwait,3,,,,,,,,,,,,,,,,,,,,,,,,,,,,,,,,,,,,,,,,,,,,,,,,,,,,,,,,,,,,,,,,,,,,,,,,,,,,,,,,,,,,,,,South Korea,2,,,,,,,,,,,,,,,,,,,,,,,,,,,,,,,,,,,,,,,,,,,,,,,,,,,,,,,Azerbaijan,1,,,,,,,,,,,Luxembourg,2,,,,,,,,,,,,,,,,,,,Belgium,2,Macedonia,9,Netherlands,1,Kuwait,9,Oceans,3,Greece,10,Czech Republic,2,Macedonia,1,Ukraine,4,Italy,2,Myanmar,5,Brazil,1,Afghanistan,2,Hungary,4,Cyprus,3,Mexico,1
,,,,,,,,,,,,,,,,,,,,,,,,,,,,,,,,,,,,,,,,Libya,1,,,,,,,,,,,Hong Kong,1,,,,,,,,,,,,,,,,,,,,,,,,,,,,,,,,,,,,,,,,,,,,,,,,,,,,,,,,,,,,,,,,,,,,,,,,,,,,,,,,,,,,,,,Switzerland,3,,,,,,,,,,,,,,,,,,,,,,,,,,,,,,,,,,,,,,,,,,,,,,,,,,,,,,,Canada,1,,,,,,,,,,,South Africa,5,,,,,,,,,,,,,,,,,,,Czech Republic,11,Switzerland,12,Eritrea,1,Croatia,5,Pakistan,2,Kuwait,4,Sudan,5,Sweden,4,Saudi Arabia,2,Austria,4,Vietnam,9,Georgia,1,Sudan,2,Nepal,1,Iran,6,Australia,13
,,,,,,,,,,,,,,,,,,,,,,,,,,,,,,,,,,,,,,,,Iran,4,,,,,,,,,,,,,,,,,,,,,,,,,,,,,,,,,,,,,,,,,,,,,,,,,,,,,,,,,,,,,,,,,,,,,,,,,,,,,,,,,,,,,,,,,,,,,,,,,,,United Arab Emirates,3,,,,,,,,,,,,,,,,,,,,,,,,,,,,,,,,,,,,,,,,,,,,,,,,,,,,,,,Senegal,2,,,,,,,,,,,Sudan,5,,,,,,,,,,,,,,,,,,,West Bank,2,Philippines,5,Pakistan,2,Denmark,2,Qatar,5,Norway,4,Portugal,1,Kuwait,2,Iran,4,Libya,1,Bhutan,1,Armenia,2,Seychelles,1,Norway,4,Austria,8,Ethiopia,3
,,,,,,,,,,,,,,,,,,,,,,,,,,,,,,,,,,,,,,,,Kosovo,1,,,,,,,,,,,,,,,,,,,,,,,,,,,,,,,,,,,,,,,,,,,,,,,,,,,,,,,,,,,,,,,,,,,,,,,,,,,,,,,,,,,,,,,,,,,,,,,,,,,,,,,,,,,,,,,,,,,,,,,,,,,,,,,,,,,,,,,,,,,,,,,,,,,,,,,,,,,Burundi,2,,,,,,,,,,,Sri Lanka,1,,,,,,,,,,,,,,,,,,,Eritrea,4,Luxembourg,6,Chad,1,Japan,6,Sweden,3,Italy,4,Cuba,1,Netherlands,1,New Zealand,1,Hong Kong,1,Niger,1,Malaysia,2,Ireland,3,Chad,2,New Zealand,1,Egypt,3
,,,,,,,,,,,,,,,,,,,,,,,,,,,,,,,,,,,,,,,,Taiwan,1,,,,,,,,,,,,,,,,,,,,,,,,,,,,,,,,,,,,,,,,,,,,,,,,,,,,,,,,,,,,,,,,,,,,,,,,,,,,,,,,,,,,,,,,,,,,,,,,,,,,,,,,,,,,,,,,,,,,,,,,,,,,,,,,,,,,,,,,,,,,,,,,,,,,,,,,,,,,,,,,,,,,,,,Central African Republic,4,,,,,,,,,,,,,,,,,,,Russia,4,Russia,13,Brazil,3,Singapore,1,Belgium,6,Ireland,1,Malta,1,Brazil,2,Denmark,1,Czech Republic,1,Portugal,2,Israel,16,Cuba,3,Mali,1,Sri Lanka,1,Sudan,3
,,,,,,,,,,,,,,,,,,,,,,,,,,,,,,,,,,,,,,,,Qatar,2,,,,,,,,,,,,,,,,,,,,,,,,,,,,,,,,,,,,,,,,,,,,,,,,,,,,,,,,,,,,,,,,,,,,,,,,,,,,,,,,,,,,,,,,,,,,,,,,,,,,,,,,,,,,,,,,,,,,,,,,,,,,,,,,,,,,,,,,,,,,,,,,,,,,,,,,,,,,,,,,,,,,,,,Belgium,1,,,,,,,,,,,,,,,,,,,Macedonia,7,Ukraine,7,Iran,5,Sweden,4,Mexico,3,South Africa,2,Switzerland,4,Italy,1,Croatia,2,Sweden,5,Georgia,6,Poland,1,Australia,6,Austria,1,Sweden,2,New Zealand,1
,,,,,,,,,,,,,,,,,,,,,,,,,,,,,,,,,,,,,,,,Spain,2,,,,,,,,,,,,,,,,,,,,,,,,,,,,,,,,,,,,,,,,,,,,,,,,,,,,,,,,,,,,,,,,,,,,,,,,,,,,,,,,,,,,,,,,,,,,,,,,,,,,,,,,,,,,,,,,,,,,,,,,,,,,,,,,,,,,,,,,,,,,,,,,,,,,,,,,,,,,,,,,,,,,,,,Australia,1,,,,,,,,,,,,,,,,,,,Brazil,5,Czechoslovakia,2,Uruguay,2,Yemen,1,Bhutan,1,New Zealand,1,Colombia,2,Armenia,2,Serbia,1,Denmark,3,Rwanda,2,Pakistan,1,Libya,1,Kosovo,27,Eritrea,1,Saudi Arabia,4
,,,,,,,,,,,,,,,,,,,,,,,,,,,,,,,,,,,,,,,,Kuwait,1,,,,,,,,,,,,,,,,,,,,,,,,,,,,,,,,,,,,,,,,,,,,,,,,,,,,,,,,,,,,,,,,,,,,,,,,,,,,,,,,,,,,,,,,,,,,,,,,,,,,,,,,,,,,,,,,,,,,,,,,,,,,,,,,,,,,,,,,,,,,,,,,,,,,,,,,,,,,,,,,,,,,,,,Bangladesh,1,,,,,,,,,,,,,,,,,,,Sweden,8,Venezuela,7,Cuba,11,Oceans,2,Kenya,1,Latvia,1,Uruguay,2,Iceland,1,Belgium,1,Uruguay,1,Hungary,1,Bosnia-Herzegovina,5,Slovenia,1,Uganda,5,Egypt,1,Malaysia,2
,,,,,,,,,,,,,,,,,,,,,,,,,,,,,,,,,,,,,,,,China,1,,,,,,,,,,,,,,,,,,,,,,,,,,,,,,,,,,,,,,,,,,,,,,,,,,,,,,,,,,,,,,,,,,,,,,,,,,,,,,,,,,,,,,,,,,,,,,,,,,,,,,,,,,,,,,,,,,,,,,,,,,,,,,,,,,,,,,,,,,,,,,,,,,,,,,,,,,,,,,,,,,,,,,,Somalia,2,,,,,,,,,,,,,,,,,,,Netherlands,1,Argentina,2,Ukraine,2,Costa Rica,3,Libya,3,Estonia,1,United Arab Emirates,8,Yemen,2,Kuwait,1,Slovenia,1,Serbia,5,Turkmenistan,1,Iceland,1,Croatia,1,Ghana,1,Austria,2
,,,,,,,,,,,,,,,,,,,,,,,,,,,,,,,,,,,,,,,,,,,,,,,,,,,,,,,,,,,,,,,,,,,,,,,,,,,,,,,,,,,,,,,,,,,,,,,,,,,,,,,,,,,,,,,,,,,,,,,,,,,,,,,,,,,,,,,,,,,,,,,,,,,,,,,,,,,,,,,,,,,,,,,,,,,,,,,,,,,,,,,,,,,,,,,,,,,,,,,,,,,,,,,,,,,,,,,,,,,,,,,,,,,,Uganda,1,Jersey,4,Israel,27,Mexico,8,Argentina,1,Egypt,1,Finland,1,Albania,1,Thailand,2,France,14,Mexico,7,South Korea,2,South Africa,1,Italy,8,Myanmar,1,Japan,5
,,,,,,,,,,,,,,,,,,,,,,,,,,,,,,,,,,,,,,,,,,,,,,,,,,,,,,,,,,,,,,,,,,,,,,,,,,,,,,,,,,,,,,,,,,,,,,,,,,,,,,,,,,,,,,,,,,,,,,,,,,,,,,,,,,,,,,,,,,,,,,,,,,,,,,,,,,,,,,,,,,,,,,,,,,,,,,,,,,,,,,,,,,,,,,,,,,,,,,,,,,,,,,,,,,,,,,,,,,,,,,,,,,,,Estonia,2,Poland,4,Switzerland,4,Czechoslovakia,4,Dominican Republic,1,Armenia,1,Slovenia,4,Ireland,1,China,2,Uganda,1,Micronesia,1,Belgium,6,Macedonia,2,Belgium,4,Netherlands,1,Qatar,1
,,,,,,,,,,,,,,,,,,,,,,,,,,,,,,,,,,,,,,,,,,,,,,,,,,,,,,,,,,,,,,,,,,,,,,,,,,,,,,,,,,,,,,,,,,,,,,,,,,,,,,,,,,,,,,,,,,,,,,,,,,,,,,,,,,,,,,,,,,,,,,,,,,,,,,,,,,,,,,,,,,,,,,,,,,,,,,,,,,,,,,,,,,,,,,,,,,,,,,,,,,,,,,,,,,,,,,,,,,,,,,,,,,,,Belarus,1,Italy,10,South Africa,5,Ireland,7,Vietnam,3,Libya,2,France,2,Somalia,1,Norway,1,Netherlands,1,Russia,12,Hungary,3,Netherlands,2,Philippines,3,Italy,2,Rwanda,1
,,,,,,,,,,,,,,,,,,,,,,,,,,,,,,,,,,,,,,,,,,,,,,,,,,,,,,,,,,,,,,,,,,,,,,,,,,,,,,,,,,,,,,,,,,,,,,,,,,,,,,,,,,,,,,,,,,,,,,,,,,,,,,,,,,,,,,,,,,,,,,,,,,,,,,,,,,,,,,,,,,,,,,,,,,,,,,,,,,,,,,,,,,,,,,,,,,,,,,,,,,,,,,,,,,,,,,,,,,,,,,,,,,,,Iran,5,Libya,7,Tunisia,1,Argentina,2,Romania,1,Austria,3,Bulgaria,1,Mexico,1,,,India,2,Belgium,6,Vietnam,13,Vietnam, Democratic Republic of,Pakistan,1,Ethiopia,1,Philippines,1
,,,,,,,,,,,,,,,,,,,,,,,,,,,,,,,,,,,,,,,,,,,,,,,,,,,,,,,,,,,,,,,,,,,,,,,,,,,,,,,,,,,,,,,,,,,,,,,,,,,,,,,,,,,,,,,,,,,,,,,,,,,,,,,,,,,,,,,,,,,,,,,,,,,,,,,,,,,,,,,,,,,,,,,,,,,,,,,,,,,,,,,,,,,,,,,,,,,,,,,,,,,,,,,,,,,,,,,,,,,,,,,,,,,,Spain,10,Papua New Guinea,10,Libya,3,Vietnam,7,Egypt,2,Hong Kong,2,,,Vietnam,2,,,Somalia,2,South Sudan,1,Denmark,1,Japan,2,Mexico,1,Sudan,2,Oceans,1
,,,,,,,,,,,,,,,,,,,,,,,,,,,,,,,,,,,,,,,,,,,,,,,,,,,,,,,,,,,,,,,,,,,,,,,,,,,,,,,,,,,,,,,,,,,,,,,,,,,,,,,,,,,,,,,,,,,,,,,,,,,,,,,,,,,,,,,,,,,,,,,,,,,,,,,,,,,,,,,,,,,,,,,,,,,,,,,,,,,,,,,,,,,,,,,,,,,,,,,,,,,,,,,,,,,,,,,,,,,,,,,,,,,,Serbia,4,Norway,10,Kuwait,5,Malta,3,Bulgaria,2,,,,,Ukraine,1,,,Nigeria,2,China,4,Ethiopia,2,Pakistan,6,Czech Republic,2,Japan,1,Zimbabwe,1
,,,,,,,,,,,,,,,,,,,,,,,,,,,,,,,,,,,,,,,,,,,,,,,,,,,,,,,,,,,,,,,,,,,,,,,,,,,,,,,,,,,,,,,,,,,,,,,,,,,,,,,,,,,,,,,,,,,,,,,,,,,,,,,,,,,,,,,,,,,,,,,,,,,,,,,,,,,,,,,,,,,,,,,,,,,,,,,,,,,,,,,,,,,,,,,,,,,,,,,,,,,,,,,,,,,,,,,,,,,,,,,,,,,,Qatar,7,Saudi Arabia,24,United Arab Emirates,4,Romania,2,Nigeria,1,,,,,Denmark,1,,,Vietnam,2,Iceland,2,Antarctica,1,Egypt,6,Bahrain,1,Puerto Rico,1,Libya,4
,,,,,,,,,,,,,,,,,,,,,,,,,,,,,,,,,,,,,,,,,,,,,,,,,,,,,,,,,,,,,,,,,,,,,,,,,,,,,,,,,,,,,,,,,,,,,,,,,,,,,,,,,,,,,,,,,,,,,,,,,,,,,,,,,,,,,,,,,,,,,,,,,,,,,,,,,,,,,,,,,,,,,,,,,,,,,,,,,,,,,,,,,,,,,,,,,,,,,,,,,,,,,,,,,,,,,,,,,,,,,,,,,,,,Portugal,3,Chile,3,Philippines,5,Czech Republic,3,France,6,,,,,,,,,Qatar,3,Malaysia,9,Sweden,21,Bulgaria,2,Vietnam,5,Kuwait,2,Croatia,2
,,,,,,,,,,,,,,,,,,,,,,,,,,,,,,,,,,,,,,,,,,,,,,,,,,,,,,,,,,,,,,,,,,,,,,,,,,,,,,,,,,,,,,,,,,,,,,,,,,,,,,,,,,,,,,,,,,,,,,,,,,,,,,,,,,,,,,,,,,,,,,,,,,,,,,,,,,,,,,,,,,,,,,,,,,,,,,,,,,,,,,,,,,,,,,,,,,,,,,,,,,,,,,,,,,,,,,,,,,,,,,,,,,,,Croatia,1,Morocco,3,Cambodia,1,Kosovo,2,Chile,1,,,,,,,,,,,Congo,5,Yemen,5,Guam,1,Malta,1,Serbia,1,,
,,,,,,,,,,,,,,,,,,,,,,,,,,,,,,,,,,,,,,,,,,,,,,,,,,,,,,,,,,,,,,,,,,,,,,,,,,,,,,,,,,,,,,,,,,,,,,,,,,,,,,,,,,,,,,,,,,,,,,,,,,,,,,,,,,,,,,,,,,,,,,,,,,,,,,,,,,,,,,,,,,,,,,,,,,,,,,,,,,,,,,,,,,,,,,,,,,,,,,,,,,,,,,,,,,,,,,,,,,,,,,,,,,,,Niger,1,Japan,8,Oceans,3,Nigeria,2,China,1,,,,,,,,,,,Philippines,16,Iran,6,Philippines,1,Eritrea,1,Macedonia,1,,
,,,,,,,,,,,,,,,,,,,,,,,,,,,,,,,,,,,,,,,,,,,,,,,,,,,,,,,,,,,,,,,,,,,,,,,,,,,,,,,,,,,,,,,,,,,,,,,,,,,,,,,,,,,,,,,,,,,,,,,,,,,,,,,,,,,,,,,,,,,,,,,,,,,,,,,,,,,,,,,,,,,,,,,,,,,,,,,,,,,,,,,,,,,,,,,,,,,,,,,,,,,,,,,,,,,,,,,,,,,,,,,,,,,,Vietnam,9,Vietnam,12,Rwanda,2,Poland,2,Japan,2,,,,,,,,,,,Venezuela,1,Kosovo,11,Portugal,1,New Zealand,1,Switzerland,1,,
,,,,,,,,,,,,,,,,,,,,,,,,,,,,,,,,,,,,,,,,,,,,,,,,,,,,,,,,,,,,,,,,,,,,,,,,,,,,,,,,,,,,,,,,,,,,,,,,,,,,,,,,,,,,,,,,,,,,,,,,,,,,,,,,,,,,,,,,,,,,,,,,,,,,,,,,,,,,,,,,,,,,,,,,,,,,,,,,,,,,,,,,,,,,,,,,,,,,,,,,,,,,,,,,,,,,,,,,,,,,,,,,,,,,United Arab Emirates,2,Kosovo,5,Serbia,6,Macedonia,8,Serbia,3,,,,,,,,,,,Ireland,9,Uganda,10,Liberia,2,Uzbekistan,1,Uganda,1,,
,,,,,,,,,,,,,,,,,,,,,,,,,,,,,,,,,,,,,,,,,,,,,,,,,,,,,,,,,,,,,,,,,,,,,,,,,,,,,,,,,,,,,,,,,,,,,,,,,,,,,,,,,,,,,,,,,,,,,,,,,,,,,,,,,,,,,,,,,,,,,,,,,,,,,,,,,,,,,,,,,,,,,,,,,,,,,,,,,,,,,,,,,,,,,,,,,,,,,,,,,,,,,,,,,,,,,,,,,,,,,,,,,,,,Switzerland,10,Nauru,11,Vietnam,4,Afghanistan,8,Iceland,1,,,,,,,,,,,Ethiopia,3,China,3,Czech Republic,1,Guyana,1,Kosovo,1,,
,,,,,,,,,,,,,,,,,,,,,,,,,,,,,,,,,,,,,,,,,,,,,,,,,,,,,,,,,,,,,,,,,,,,,,,,,,,,,,,,,,,,,,,,,,,,,,,,,,,,,,,,,,,,,,,,,,,,,,,,,,,,,,,,,,,,,,,,,,,,,,,,,,,,,,,,,,,,,,,,,,,,,,,,,,,,,,,,,,,,,,,,,,,,,,,,,,,,,,,,,,,,,,,,,,,,,,,,,,,,,,,,,,,,Argentina,5,Belgium,10,Somalia,3,Netherlands,3,Croatia,1,,,,,,,,,,,India,3,Singapore,3,Lithuania,1,Saudi Arabia,3,India,1,,
,,,,,,,,,,,,,,,,,,,,,,,,,,,,,,,,,,,,,,,,,,,,,,,,,,,,,,,,,,,,,,,,,,,,,,,,,,,,,,,,,,,,,,,,,,,,,,,,,,,,,,,,,,,,,,,,,,,,,,,,,,,,,,,,,,,,,,,,,,,,,,,,,,,,,,,,,,,,,,,,,,,,,,,,,,,,,,,,,,,,,,,,,,,,,,,,,,,,,,,,,,,,,,,,,,,,,,,,,,,,,,,,,,,,Kuwait,1,Albania,2,Qatar,3,Algeria,1,Macedonia,1,,,,,,,,,,,Jersey,4,Eritrea,1,Nigeria,1,India,1,Sierra Leone,1,,
,,,,,,,,,,,,,,,,,,,,,,,,,,,,,,,,,,,,,,,,,,,,,,,,,,,,,,,,,,,,,,,,,,,,,,,,,,,,,,,,,,,,,,,,,,,,,,,,,,,,,,,,,,,,,,,,,,,,,,,,,,,,,,,,,,,,,,,,,,,,,,,,,,,,,,,,,,,,,,,,,,,,,,,,,,,,,,,,,,,,,,,,,,,,,,,,,,,,,,,,,,,,,,,,,,,,,,,,,,,,,,,,,,,,Uruguay,18,Ireland,9,China,6,Luxembourg,1,,,,,,,,,,,,,Japan,19,Austria,2,India,1,Ethiopia,1,,,,
,,,,,,,,,,,,,,,,,,,,,,,,,,,,,,,,,,,,,,,,,,,,,,,,,,,,,,,,,,,,,,,,,,,,,,,,,,,,,,,,,,,,,,,,,,,,,,,,,,,,,,,,,,,,,,,,,,,,,,,,,,,,,,,,,,,,,,,,,,,,,,,,,,,,,,,,,,,,,,,,,,,,,,,,,,,,,,,,,,,,,,,,,,,,,,,,,,,,,,,,,,,,,,,,,,,,,,,,,,,,,,,,,,,,China,4,Belarus,2,Czech Republic,2,Vatican City,3,,,,,,,,,,,,,Ukraine,2,Croatia,3,,,Kenya,1,,,,
,,,,,,,,,,,,,,,,,,,,,,,,,,,,,,,,,,,,,,,,,,,,,,,,,,,,,,,,,,,,,,,,,,,,,,,,,,,,,,,,,,,,,,,,,,,,,,,,,,,,,,,,,,,,,,,,,,,,,,,,,,,,,,,,,,,,,,,,,,,,,,,,,,,,,,,,,,,,,,,,,,,,,,,,,,,,,,,,,,,,,,,,,,,,,,,,,,,,,,,,,,,,,,,,,,,,,,,,,,,,,,,,,,,,Congo,2,Bulgaria,2,Gaza Strip,4,Pakistan,2,,,,,,,,,,,,,Afghanistan,8,Libya,2,,,Sweden,1,,,,
,,,,,,,,,,,,,,,,,,,,,,,,,,,,,,,,,,,,,,,,,,,,,,,,,,,,,,,,,,,,,,,,,,,,,,,,,,,,,,,,,,,,,,,,,,,,,,,,,,,,,,,,,,,,,,,,,,,,,,,,,,,,,,,,,,,,,,,,,,,,,,,,,,,,,,,,,,,,,,,,,,,,,,,,,,,,,,,,,,,,,,,,,,,,,,,,,,,,,,,,,,,,,,,,,,,,,,,,,,,,,,,,,,,,Armenia,1,Burundi,2,Denmark,3,Ukraine,1,,,,,,,,,,,,,Romania,2,Myanmar,2,,,Ireland,1,,,,
,,,,,,,,,,,,,,,,,,,,,,,,,,,,,,,,,,,,,,,,,,,,,,,,,,,,,,,,,,,,,,,,,,,,,,,,,,,,,,,,,,,,,,,,,,,,,,,,,,,,,,,,,,,,,,,,,,,,,,,,,,,,,,,,,,,,,,,,,,,,,,,,,,,,,,,,,,,,,,,,,,,,,,,,,,,,,,,,,,,,,,,,,,,,,,,,,,,,,,,,,,,,,,,,,,,,,,,,,,,,,,,,,,,,Finland,2,Iran,6,Czechoslovakia,4,South Africa,1,,,,,,,,,,,,,Sweden,4,Netherlands,3,,,China,1,,,,
,,,,,,,,,,,,,,,,,,,,,,,,,,,,,,,,,,,,,,,,,,,,,,,,,,,,,,,,,,,,,,,,,,,,,,,,,,,,,,,,,,,,,,,,,,,,,,,,,,,,,,,,,,,,,,,,,,,,,,,,,,,,,,,,,,,,,,,,,,,,,,,,,,,,,,,,,,,,,,,,,,,,,,,,,,,,,,,,,,,,,,,,,,,,,,,,,,,,,,,,,,,,,,,,,,,,,,,,,,,,,,,,,,,,Cyprus,4,Yemen,3,Bangladesh,1,South Sudan,1,,,,,,,,,,,,,Armenia,3,Argentina,1,,,Oceans,2,,,,
,,,,,,,,,,,,,,,,,,,,,,,,,,,,,,,,,,,,,,,,,,,,,,,,,,,,,,,,,,,,,,,,,,,,,,,,,,,,,,,,,,,,,,,,,,,,,,,,,,,,,,,,,,,,,,,,,,,,,,,,,,,,,,,,,,,,,,,,,,,,,,,,,,,,,,,,,,,,,,,,,,,,,,,,,,,,,,,,,,,,,,,,,,,,,,,,,,,,,,,,,,,,,,,,,,,,,,,,,,,,,,,,,,,,Chile,5,Montenegro,3,West Bank,5,Gabon,2,,,,,,,,,,,,,South Korea,1,Mexico,27,,,Czechoslovakia,1,,,,
,,,,,,,,,,,,,,,,,,,,,,,,,,,,,,,,,,,,,,,,,,,,,,,,,,,,,,,,,,,,,,,,,,,,,,,,,,,,,,,,,,,,,,,,,,,,,,,,,,,,,,,,,,,,,,,,,,,,,,,,,,,,,,,,,,,,,,,,,,,,,,,,,,,,,,,,,,,,,,,,,,,,,,,,,,,,,,,,,,,,,,,,,,,,,,,,,,,,,,,,,,,,,,,,,,,,,,,,,,,,,,,,,,,,Luxembourg,1,Cambodia,1,Cyprus,2,Switzerland,3,,,,,,,,,,,,,Yemen,2,Macedonia,1,,,,,,,,
,,,,,,,,,,,,,,,,,,,,,,,,,,,,,,,,,,,,,,,,,,,,,,,,,,,,,,,,,,,,,,,,,,,,,,,,,,,,,,,,,,,,,,,,,,,,,,,,,,,,,,,,,,,,,,,,,,,,,,,,,,,,,,,,,,,,,,,,,,,,,,,,,,,,,,,,,,,,,,,,,,,,,,,,,,,,,,,,,,,,,,,,,,,,,,,,,,,,,,,,,,,,,,,,,,,,,,,,,,,,,,,,,,,,Pakistan,2,Eritrea,2,Estonia,1,Tanzania,1,,,,,,,,,,,,,Eritrea,1,Tunisia,5,,,,,,,,
,,,,,,,,,,,,,,,,,,,,,,,,,,,,,,,,,,,,,,,,,,,,,,,,,,,,,,,,,,,,,,,,,,,,,,,,,,,,,,,,,,,,,,,,,,,,,,,,,,,,,,,,,,,,,,,,,,,,,,,,,,,,,,,,,,,,,,,,,,,,,,,,,,,,,,,,,,,,,,,,,,,,,,,,,,,,,,,,,,,,,,,,,,,,,,,,,,,,,,,,,,,,,,,,,,,,,,,,,,,,,,,,,,,,Kosovo,2,Colombia,1,Panama,1,Rwanda,2,,,,,,,,,,,,,United Arab Emirates,2,United Arab Emirates,2,,,,,,,,
,,,,,,,,,,,,,,,,,,,,,,,,,,,,,,,,,,,,,,,,,,,,,,,,,,,,,,,,,,,,,,,,,,,,,,,,,,,,,,,,,,,,,,,,,,,,,,,,,,,,,,,,,,,,,,,,,,,,,,,,,,,,,,,,,,,,,,,,,,,,,,,,,,,,,,,,,,,,,,,,,,,,,,,,,,,,,,,,,,,,,,,,,,,,,,,,,,,,,,,,,,,,,,,,,,,,,,,,,,,,,,,,,,,,Nicaragua,1,Afghanistan,6,Vatican City,1,Burundi,1,,,,,,,,,,,,,Colombia,1,Malta,1,,,,,,,,
,,,,,,,,,,,,,,,,,,,,,,,,,,,,,,,,,,,,,,,,,,,,,,,,,,,,,,,,,,,,,,,,,,,,,,,,,,,,,,,,,,,,,,,,,,,,,,,,,,,,,,,,,,,,,,,,,,,,,,,,,,,,,,,,,,,,,,,,,,,,,,,,,,,,,,,,,,,,,,,,,,,,,,,,,,,,,,,,,,,,,,,,,,,,,,,,,,,,,,,,,,,,,,,,,,,,,,,,,,,,,,,,,,,,North Korea,2,Somalia,2,Afghanistan,3,Malaysia,1,,,,,,,,,,,,,Malta,1,Ukraine,1,,,,,,,,
,,,,,,,,,,,,,,,,,,,,,,,,,,,,,,,,,,,,,,,,,,,,,,,,,,,,,,,,,,,,,,,,,,,,,,,,,,,,,,,,,,,,,,,,,,,,,,,,,,,,,,,,,,,,,,,,,,,,,,,,,,,,,,,,,,,,,,,,,,,,,,,,,,,,,,,,,,,,,,,,,,,,,,,,,,,,,,,,,,,,,,,,,,,,,,,,,,,,,,,,,,,,,,,,,,,,,,,,,,,,,,,,,,,,South Korea,1,Tanzania,1,Yemen,5,India,1,,,,,,,,,,,,,Antarctica,1,Norway,1,,,,,,,,
,,,,,,,,,,,,,,,,,,,,,,,,,,,,,,,,,,,,,,,,,,,,,,,,,,,,,,,,,,,,,,,,,,,,,,,,,,,,,,,,,,,,,,,,,,,,,,,,,,,,,,,,,,,,,,,,,,,,,,,,,,,,,,,,,,,,,,,,,,,,,,,,,,,,,,,,,,,,,,,,,,,,,,,,,,,,,,,,,,,,,,,,,,,,,,,,,,,,,,,,,,,,,,,,,,,,,,,,,,,,,,,,,,,,India,1,Qatar,4,New Zealand,2,South Korea,1,,,,,,,,,,,,,Mali,2,Switzerland,1,,,,,,,,
,,,,,,,,,,,,,,,,,,,,,,,,,,,,,,,,,,,,,,,,,,,,,,,,,,,,,,,,,,,,,,,,,,,,,,,,,,,,,,,,,,,,,,,,,,,,,,,,,,,,,,,,,,,,,,,,,,,,,,,,,,,,,,,,,,,,,,,,,,,,,,,,,,,,,,,,,,,,,,,,,,,,,,,,,,,,,,,,,,,,,,,,,,,,,,,,,,,,,,,,,,,,,,,,,,,,,,,,,,,,,,,,,,,,Venezuela,2,Mexico,6,Central African Republic,1,,,,,,,,,,,,,,,Bahrain,1,Ireland,2,,,,,,,,
,,,,,,,,,,,,,,,,,,,,,,,,,,,,,,,,,,,,,,,,,,,,,,,,,,,,,,,,,,,,,,,,,,,,,,,,,,,,,,,,,,,,,,,,,,,,,,,,,,,,,,,,,,,,,,,,,,,,,,,,,,,,,,,,,,,,,,,,,,,,,,,,,,,,,,,,,,,,,,,,,,,,,,,,,,,,,,,,,,,,,,,,,,,,,,,,,,,,,,,,,,,,,,,,,,,,,,,,,,,,,,,,,,,,Tunisia,1,Haiti,2,Slovenia,6,,,,,,,,,,,,,,,Honduras,1,Qatar,3,,,,,,,,
,,,,,,,,,,,,,,,,,,,,,,,,,,,,,,,,,,,,,,,,,,,,,,,,,,,,,,,,,,,,,,,,,,,,,,,,,,,,,,,,,,,,,,,,,,,,,,,,,,,,,,,,,,,,,,,,,,,,,,,,,,,,,,,,,,,,,,,,,,,,,,,,,,,,,,,,,,,,,,,,,,,,,,,,,,,,,,,,,,,,,,,,,,,,,,,,,,,,,,,,,,,,,,,,,,,,,,,,,,,,,,,,,,,,Algeria,1,Congo,1,India,1,,,,,,,,,,,,,,,Macedonia,2,Laos,1,,,,,,,,
,,,,,,,,,,,,,,,,,,,,,,,,,,,,,,,,,,,,,,,,,,,,,,,,,,,,,,,,,,,,,,,,,,,,,,,,,,,,,,,,,,,,,,,,,,,,,,,,,,,,,,,,,,,,,,,,,,,,,,,,,,,,,,,,,,,,,,,,,,,,,,,,,,,,,,,,,,,,,,,,,,,,,,,,,,,,,,,,,,,,,,,,,,,,,,,,,,,,,,,,,,,,,,,,,,,,,,,,,,,,,,,,,,,,Denmark,1,Gibraltar,1,Ireland,2,,,,,,,,,,,,,,,Bahamas,1,Bahrain,1,,,,,,,,
,,,,,,,,,,,,,,,,,,,,,,,,,,,,,,,,,,,,,,,,,,,,,,,,,,,,,,,,,,,,,,,,,,,,,,,,,,,,,,,,,,,,,,,,,,,,,,,,,,,,,,,,,,,,,,,,,,,,,,,,,,,,,,,,,,,,,,,,,,,,,,,,,,,,,,,,,,,,,,,,,,,,,,,,,,,,,,,,,,,,,,,,,,,,,,,,,,,,,,,,,,,,,,,,,,,,,,,,,,,,,,,,,,,,,,Armenia,6,Ethiopia,1,,,,,,,,,,,,,,,Laos,3,West Bank,1,,,,,,,,
,,,,,,,,,,,,,,,,,,,,,,,,,,,,,,,,,,,,,,,,,,,,,,,,,,,,,,,,,,,,,,,,,,,,,,,,,,,,,,,,,,,,,,,,,,,,,,,,,,,,,,,,,,,,,,,,,,,,,,,,,,,,,,,,,,,,,,,,,,,,,,,,,,,,,,,,,,,,,,,,,,,,,,,,,,,,,,,,,,,,,,,,,,,,,,,,,,,,,,,,,,,,,,,,,,,,,,,,,,,,,,,,,,,,,,Netherlands,1,Luxembourg,1,,,,,,,,,,,,,,,Brunei,1,Cyprus,3,,,,,,,,
,,,,,,,,,,,,,,,,,,,,,,,,,,,,,,,,,,,,,,,,,,,,,,,,,,,,,,,,,,,,,,,,,,,,,,,,,,,,,,,,,,,,,,,,,,,,,,,,,,,,,,,,,,,,,,,,,,,,,,,,,,,,,,,,,,,,,,,,,,,,,,,,,,,,,,,,,,,,,,,,,,,,,,,,,,,,,,,,,,,,,,,,,,,,,,,,,,,,,,,,,,,,,,,,,,,,,,,,,,,,,,,,,,,,,,Zimbabwe,1,,,,,,,,,,,,,,,,,Morocco,1,India,1,,,,,,,,
,,,,,,,,,,,,,,,,,,,,,,,,,,,,,,,,,,,,,,,,,,,,,,,,,,,,,,,,,,,,,,,,,,,,,,,,,,,,,,,,,,,,,,,,,,,,,,,,,,,,,,,,,,,,,,,,,,,,,,,,,,,,,,,,,,,,,,,,,,,,,,,,,,,,,,,,,,,,,,,,,,,,,,,,,,,,,,,,,,,,,,,,,,,,,,,,,,,,,,,,,,,,,,,,,,,,,,,,,,,,,,,,,,,,,,Iceland,4,,,,,,,,,,,,,,,,,,,South Africa,1,,,,,,,,
,,,,,,,,,,,,,,,,,,,,,,,,,,,,,,,,,,,,,,,,,,,,,,,,,,,,,,,,,,,,,,,,,,,,,,,,,,,,,,,,,,,,,,,,,,,,,,,,,,,,,,,,,,,,,,,,,,,,,,,,,,,,,,,,,,,,,,,,,,,,,,,,,,,,,,,,,,,,,,,,,,,,,,,,,,,,,,,,,,,,,,,,,,,,,,,,,,,,,,,,,,,,,,,,,,,,,,,,,,,,,,,,,,,,,,Sri Lanka,1,,,,,,,,,,,,,,,,,,,,,,,,,,,,
,,,,,,,,,,,,,,,,,,,,,,,,,,,,,,,,,,,,,,,,,,,,,,,,,,,,,,,,,,,,,,,,,,,,,,,,,,,,,,,,,,,,,,,,,,,,,,,,,,,,,,,,,,,,,,,,,,,,,,,,,,,,,,,,,,,,,,,,,,,,,,,,,,,,,,,,,,,,,,,,,,,,,,,,,,,,,,,,,,,,,,,,,,,,,,,,,,,,,,,,,,,,,,,,,,,,,,,,,,,,,,,,,,,,,,South Africa,2,,,,,,,,,,,,,,,,,,,,,,,,,,,,
,,,,,,,,,,,,,,,,,,,,,,,,,,,,,,,,,,,,,,,,,,,,,,,,,,,,,,,,,,,,,,,,,,,,,,,,,,,,,,,,,,,,,,,,,,,,,,,,,,,,,,,,,,,,,,,,,,,,,,,,,,,,,,,,,,,,,,,,,,,,,,,,,,,,,,,,,,,,,,,,,,,,,,,,,,,,,,,,,,,,,,,,,,,,,,,,,,,,,,,,,,,,,,,,,,,,,,,,,,,,,,,,,,,,,,Jamaica,2,,,,,,,,,,,,,,,,,,,,,,,,,,,,
,,,,,,,,,,,,,,,,,,,,,,,,,,,,,,,,,,,,,,,,,,,,,,,,,,,,,,,,,,,,,,,,,,,,,,,,,,,,,,,,,,,,,,,,,,,,,,,,,,,,,,,,,,,,,,,,,,,,,,,,,,,,,,,,,,,,,,,,,,,,,,,,,,,,,,,,,,,,,,,,,,,,,,,,,,,,,,,,,,,,,,,,,,,,,,,,,,,,,,,,,,,,,,,,,,,,,,,,,,,,,,,,,,,,,,Oceans,1,,,,,,,,,,,,,,,,,,,,,,,,,,,,
,,,,,,,,,,,,,,,,,,,,,,,,,,,,,,,,,,,,,,,,,,,,,,,,,,,,,,,,,,,,,,,,,,,,,,,,,,,,,,,,,,,,,,,,,,,,,,,,,,,,,,,,,,,,,,,,,,,,,,,,,,,,,,,,,,,,,,,,,,,,,,,,,,,,,,,,,,,,,,,,,,,,,,,,,,,,,,,,,,,,,,,,,,,,,,,,,,,,,,,,,,,,,,,,,,,,,,,,,,,,,,,,,,,,,,Pakistan,1,,,,,,,,,,,,,,,,,,,,,,,,,,,,
,,,,,,,,,,,,,,,,,,,,,,,,,,,,,,,,,,,,,,,,,,,,,,,,,,,,,,,,,,,,,,,,,,,,,,,,,,,,,,,,,,,,,,,,,,,,,,,,,,,,,,,,,,,,,,,,,,,,,,,,,,,,,,,,,,,,,,,,,,,,,,,,,,,,,,,,,,,,,,,,,,,,,,,,,,,,,,,,,,,,,,,,,,,,,,,,,,,,,,,,,,,,,,,,,,,,,,,,,,,,,,,,,,,,,,Bosnia-Herzegovina,1,,,,,,,,,,,,,,,,,,,,,,,,,,,,
,,,,,,,,,,,,,,,,,,,,,,,,,,,,,,,,,,,,,,,,,,,,,,,,,,,,,,,,,,,,,,,,,,,,,,,,,,,,,,,,,,,,,,,,,,,,,,,,,,,,,,,,,,,,,,,,,,,,,,,,,,,,,,,,,,,,,,,,,,,,,,,,,,,,,,,,,,,,,,,,,,,,,,,,,,,,,,,,,,,,,,,,,,,,,,,,,,,,,,,,,,,,,,,,,,,,,,,,,,,,,,,,,,,,,,Bangladesh,1,,,,,,,,,,,,,,,,,,,,,,,,,,,,
,,,,,,,,,,,,,,,,,,,,,,,,,,,,,,,,,,,,,,,,,,,,,,,,,,,,,,,,,,,,,,,,,,,,,,,,,,,,,,,,,,,,,,,,,,,,,,,,,,,,,,,,,,,,,,,,,,,,,,,,,,,,,,,,,,,,,,,,,,,,,,,,,,,,,,,,,,,,,,,,,,,,,,,,,,,,,,,,,,,,,,,,,,,,,,,,,,,,,,,,,,,,,,,,,,,,,,,,,,,,,,,,,,,,,,Cameroon,1,,,,,,,,,,,,,,,,,,,,,,,,,,,,
